Topic,Year,Source,Top_15_Words
Topic_0,1922,Shared,"work, trade, industry, increase, condition, case, production, method, result, amount, year, coal, system, industrial, credit"
Topic_0,1922,COHA,"work, industry, trade, increase, production, case, condition, year, method, result, amount, coal, system, credit, order"
Topic_0,1922,HBR,"increase, production, method, industry, amount, trade, credit, case, result, condition, work, coal, bank, rate, total"
Topic_0,1922,ILR,"industry, trade, increase, work, method, condition, production, case, coal, amount, result, industrial, total, worker, wage"
Topic_0,1927,Shared,"industry, year, increase, credit, result, case, trade, work, country, cost, show, public, effect, period, report"
Topic_0,1927,COHA,"year, industry, increase, credit, result, case, public, work, trade, country, cost, show, price, small, effect"
Topic_0,1927,HBR,"credit, increase, industry, result, price, year, cost, rate, production, case, bank, period, amount, total, method"
Topic_0,1927,ILR,"industry, increase, year, country, result, trade, number, work, rate, case, wage, worker, total, credit, period"
Topic_0,1932,Shared,"increase, production, industry, depression, rate, period, code, economic, cost, work, income, condition, fall, rise, price"
Topic_0,1932,COHA,"increase, production, industry, depression, rate, period, cost, economic, year, income, code, fall, work, price, condition"
Topic_0,1932,HBR,"increase, production, rate, industry, cost, price, depression, period, income, capital, rise, amount, code, reduce, credit"
Topic_0,1932,ILR,"increase, industry, rate, production, period, work, income, economic, depression, rise, total, fall, cost, condition, price"
Topic_0,1937,Shared,"production, loan, industry, increase, condition, depression, economic, trade, industrial, price, state, government, work, power, public"
Topic_0,1937,COHA,"production, loan, industry, increase, economic, condition, depression, state, price, trade, government, power, public, industrial, year"
Topic_0,1937,HBR,"loan, production, price, industry, increase, depression, amount, total, power, credit, method, material, condition, volume, policy"
Topic_0,1937,ILR,"industry, production, increase, loan, total, trade, price, condition, labor, work, economic, worker, wage, country, rate"
Topic_0,1942,Shared,"production, increase, industry, postwar, plan, policy, control, demand, cost, company, rate, plant, result, management, work"
Topic_0,1942,COHA,"production, increase, industry, plan, postwar, policy, control, cost, demand, government, company, rate, year, price, plant"
Topic_0,1942,HBR,"production, increase, industry, postwar, rate, price, cost, plant, plan, policy, demand, control, material, expenditure, capital"
Topic_0,1942,ILR,"production, increase, industry, rate, postwar, labor, work, expenditure, policy, period, price, income, case, cost, wage"
Topic_0,1947,Shared,"increase, industry, cost, production, work, total, plan, employee, result, price, change, company, rate, management, service"
Topic_0,1947,COHA,"increase, industry, cost, production, work, plan, total, price, result, year, employee, change, company, rate, material"
Topic_0,1947,HBR,"cost, increase, production, industry, price, total, rate, plan, company, material, result, amount, market, management, change"
Topic_0,1947,ILR,"increase, industry, total, production, cost, rate, work, wage, price, number, output, worker, result, country, industrial"
Topic_0,1952,Shared,"industry, increase, production, year, cost, work, result, plan, management, company, price, factor, group, level, industrial"
Topic_0,1952,COHA,"industry, increase, year, production, cost, plan, work, result, price, company, management, group, factor, level, program"
Topic_0,1952,HBR,"increase, price, cost, industry, production, company, management, rate, factor, year, plan, plant, result, unit, stock"
Topic_0,1952,ILR,"increase, industry, production, number, rate, worker, work, year, level, labor, country, price, cost, result, industrial"
Topic_0,1957,Shared,"company, management, increase, price, industry, market, change, result, demand, firm, product, cost, capital, group, effect"
Topic_0,1957,COHA,"company, management, price, increase, industry, market, change, result, demand, cost, capital, group, product, firm, show"
Topic_0,1957,HBR,"price, increase, company, cost, management, industry, market, capital, purchase, total, result, stock, rate, change, product"
Topic_0,1957,ILR,"increase, industry, rate, total, income, price, case, result, effect, group, change, worker, show, estimate, level"
Topic_0,1962,Shared,"increase, system, company, change, management, plan, development, case, organization, study, result, service, factor, cost, exist"
Topic_0,1962,COHA,"company, system, increase, change, plan, management, case, development, result, service, study, cost, organization, industry, factor"
Topic_0,1962,HBR,"company, increase, cost, change, management, rate, plan, market, system, factor, case, plant, result, price, industry"
Topic_0,1962,ILR,"increase, rate, industry, change, case, level, work, country, number, total, economic, worker, result, cost, labor"
Topic_0,1967,Shared,"result, management, job, study, increase, cost, change, work, group, develop, level, market, policy, company, service"
Topic_0,1967,COHA,"result, management, job, cost, work, increase, change, study, group, year, policy, service, company, market, area"
Topic_0,1967,HBR,"cost, management, result, price, increase, rate, company, change, group, product, market, period, unit, industry, show"
Topic_0,1967,ILR,"increase, rate, level, result, work, number, industry, group, job, cost, period, change, base, average, estimate"
Topic_0,1972,Shared,"company, cost, increase, management, change, year, rate, work, result, price, group, system, market, industry, program"
Topic_0,1972,COHA,"company, cost, year, increase, change, rate, management, price, work, group, result, system, industry, market, case"
Topic_0,1972,HBR,"cost, company, price, rate, increase, management, change, year, market, result, industry, group, total, case, plant"
Topic_0,1972,ILR,"increase, rate, cost, price, level, change, work, industry, year, income, number, group, country, result, total"
Topic_0,1977,Shared,"price, cost, tax, year, rate, capital, level, increase, work, system, investment, change, result, small, company"
Topic_0,1977,COHA,"price, tax, cost, year, rate, capital, increase, level, work, small, system, change, government, investment, result"
Topic_0,1977,HBR,"price, cost, rate, tax, capital, increase, investment, company, conrad, result, level, year, period, change, system"
Topic_0,1977,ILR,"rate, increase, level, price, cost, work, capital, change, job, result, year, income, economic, period, group"
Topic_0,1982,Shared,"cost, employee, work, plant, system, rate, job, decision, management, increase, risk, service, market, reduce, pay"
Topic_0,1982,COHA,"cost, plant, work, employee, system, rate, increase, job, management, decision, year, market, service, risk, pay"
Topic_0,1982,HBR,"cost, plant, rate, management, employee, increase, market, price, investment, risk, company, system, industry, reduce, decision"
Topic_0,1982,ILR,"cost, rate, increase, work, employee, job, industry, plant, reduce, system, production, market, level, pay, case"
Topic_0,1987,Shared,"company, market, manager, system, change, management, quality, year, cost, service, price, product, performance, work, strategy"
Topic_0,1987,COHA,"company, market, manager, system, change, year, quality, management, price, cost, people, service, product, work, important"
Topic_0,1987,HBR,"company, market, manager, price, cost, management, product, system, quality, change, service, performance, industry, increase, year"
Topic_0,1987,ILR,"market, company, change, system, increase, price, cost, work, service, rate, year, industry, management, job, quality"
Topic_0,1992,Shared,"work, year, market, system, change, industry, company, cost, service, base, low, relationship, information, group, people"
Topic_0,1992,COHA,"year, work, market, system, change, company, cost, industry, base, service, low, people, group, world, information"
Topic_0,1992,HBR,"company, market, cost, system, change, industry, year, work, base, service, price, low, information, relationship, process"
Topic_0,1992,ILR,"work, market, industry, year, system, cost, change, base, service, low, rate, group, company, worker, country"
Topic_0,1997,Shared,"internet, software, customer, web, product, strategy, technology, company, computer, brand, knowledge, partner, management, market, focus"
Topic_0,1997,COHA,"internet, software, customer, web, product, strategy, technology, company, computer, brand, knowledge, partner, management, market, core"
Topic_0,1997,HBR,"customer, software, internet, product, company, web, strategy, brand, technology, computer, knowledge, partner, management, manager, cost"
Topic_0,1997,ILR,"customer, product, technology, company, strategy, market, software, internet, cost, knowledge, management, computer, web, employee, investment"
Topic_0,2002,Shared,"customer, market, employee, work, create, service, care, change, company, industry, year, partner, organization, process, result"
Topic_0,2002,COHA,"customer, market, year, work, employee, service, care, create, company, industry, change, result, partner, information, health"
Topic_0,2002,HBR,"customer, company, market, employee, create, service, industry, change, work, year, process, cost, result, care, partner"
Topic_0,2002,ILR,"market, work, employee, service, industry, change, customer, year, increase, create, care, result, provide, company, organization"
Topic_0,2007,Shared,"company, market, firm, cost, customer, change, management, work, employee, develop, year, process, system, executive, growth"
Topic_0,2007,COHA,"company, market, firm, cost, customer, change, management, work, year, employee, people, system, executive, process, develop"
Topic_0,2007,HBR,"company, market, cost, customer, firm, change, management, employee, work, risk, executive, price, process, product, consumer"
Topic_0,2007,ILR,"company, market, firm, cost, change, work, management, employee, customer, increase, level, develop, job, year, growth"
Topic_0,2012,Shared,"patient, adjust, employee, service, revenue, work, provider, change, collaboration, industry, engagement, shareholder, company, talent, require"
Topic_0,2012,COHA,"patient, employee, service, adjust, work, revenue, change, industry, company, collaboration, year, provider, director, include, require"
Topic_0,2012,HBR,"employee, adjust, service, patient, revenue, company, change, provider, work, invest, industry, shareholder, cost, product, require"
Topic_0,2012,ILR,"employee, service, adjust, work, change, patient, industry, increase, revenue, include, pay, provide, reduce, social, require"
Topic_0,2017,Shared,"work, people, employee, organization, change, platform, study, market, year, service, innovation, growth, create, develop, provide"
Topic_0,2017,COHA,"people, work, employee, organization, change, year, study, market, service, platform, company, innovation, growth, create, provide"
Topic_0,2017,HBR,"employee, work, people, organization, change, company, market, innovation, service, platform, create, year, study, focus, firm"
Topic_0,2017,ILR,"work, employee, organization, change, people, study, market, service, year, provide, growth, country, job, develop, firm"
Topic_1,1922,Shared,"company, man, management, plan, cost, sale, market, control, year, change, service, product, executive, order, power"
Topic_1,1922,COHA,"man, company, people, year, power, plan, line, today, control, world, call, public, management, life, place"
Topic_1,1922,HBR,"company, man, plan, sale, management, control, executive, cost, power, line, product, market, order, change, serve"
Topic_1,1922,ILR,"company, man, plan, management, work, year, organization, order, power, service, control, cost, change, market, industry"
Topic_1,1927,Shared,"year, man, company, plan, field, control, case, interest, method, hold, important, public, group, power, line"
Topic_1,1927,COHA,"man, year, people, world, city, american, life, house, today, field, company, put, run, power, line"
Topic_1,1927,HBR,"company, man, plan, field, sell, control, method, year, interest, bank, hold, department, statement, case, buying"
Topic_1,1927,ILR,"year, man, plan, company, field, case, interest, hold, method, control, important, public, power, group, world"
Topic_1,1932,Shared,"year, power, man, work, public, government, world, case, state, industry, people, plan, money, small, company"
Topic_1,1932,COHA,"people, world, year, power, life, man, money, american, put, today, state, mind, public, government, word"
Topic_1,1932,HBR,"power, company, plan, man, year, people, world, bring, control, public, word, question, bank, government, life"
Topic_1,1932,ILR,"year, work, power, government, public, state, world, man, case, industry, people, question, plan, life, deal"
Topic_1,1937,Shared,"picture, state, man, power, government, small, bring, year, public, hand, deal, place, question, world, statement"
Topic_1,1937,COHA,"picture, man, world, city, people, life, power, house, state, book, year, hand, small, radio, home"
Topic_1,1937,HBR,"picture, man, bring, power, railroad, small, statement, control, deal, write, hand, sound, question, attitude, state"
Topic_1,1937,ILR,"state, picture, government, bring, power, deal, man, year, organization, public, question, small, work, place, hand"
Topic_1,1942,Shared,"question, company, power, action, management, change, system, plan, effort, industry, product, year, important, organization, cost"
Topic_1,1942,COHA,"people, power, world, feel, man, action, year, newspaper, leader, company, question, call, life, put, sound"
Topic_1,1942,HBR,"company, management, question, action, leader, feel, research, effort, product, power, plan, organization, people, call, sell"
Topic_1,1942,ILR,"question, organization, action, work, power, system, industry, year, effort, plan, development, change, important, management, company"
Topic_1,1947,Shared,"man, year, public, people, command, power, life, call, nation, american, work, put, control, end, line"
Topic_1,1947,COHA,"man, people, american, life, year, put, world, nation, feel, power, today, city, public, end, call"
Topic_1,1947,HBR,"command, man, people, feel, company, advertising, call, page, businessman, put, year, life, leader, attitude, idea"
Topic_1,1947,ILR,"year, man, public, work, people, life, call, power, place, economic, question, government, put, nation, case"
Topic_1,1952,Shared,"people, man, company, year, life, idea, feel, put, power, word, human, today, sense, leader, world"
Topic_1,1952,COHA,"people, life, american, today, put, feel, president, world, man, mind, talk, idea, sense, top, year"
Topic_1,1952,HBR,"people, company, idea, leader, feel, top, talk, word, human, man, sense, page, mind, put, life"
Topic_1,1952,ILR,"people, year, life, idea, man, government, work, company, human, put, feel, power, leader, program, organization"
Topic_1,1957,Shared,"businessman, man, advertising, people, page, attitude, negro, human, world, company, life, mind, year, call, feel"
Topic_1,1957,COHA,"man, people, world, life, businessman, today, mind, page, put, talk, space, feel, year, human, negro"
Topic_1,1957,HBR,"businessman, advertising, man, page, negro, attitude, people, leader, feel, company, human, talk, mind, listen, personality"
Topic_1,1957,ILR,"man, businessman, work, people, organization, human, attitude, year, world, government, life, call, public, advertising, page"
Topic_1,1962,Shared,"man, area, idea, year, group, people, life, question, today, executive, talk, turn, change, program, work"
Topic_1,1962,COHA,"man, people, life, today, president, big, talk, idea, year, world, american, defense, home, run, turn"
Topic_1,1962,HBR,"man, idea, businessman, talk, executive, praise, people, today, company, life, area, top, feeling, turn, scientist"
Topic_1,1962,ILR,"man, area, year, idea, question, group, people, life, work, government, change, program, state, today, action"
Topic_1,1967,Shared,"man, people, year, black, power, community, feel, company, public, government, call, end, put, area, real"
Topic_1,1967,COHA,"people, man, black, president, feel, year, power, world, put, today, life, top, money, community, big"
Topic_1,1967,HBR,"people, man, feel, black, company, top, executive, manager, community, idea, talk, president, power, put, page"
Topic_1,1967,ILR,"man, people, year, community, government, power, public, feel, company, work, society, area, view, call, black"
Topic_1,1972,Shared,"people, year, government, man, company, meeting, world, state, life, work, public, organization, today, put, set"
Topic_1,1972,COHA,"people, president, life, world, year, man, today, put, meeting, state, government, home, talk, face, public"
Topic_1,1972,HBR,"people, company, meeting, executive, man, today, life, year, talk, put, feel, world, president, organization, write"
Topic_1,1972,ILR,"people, year, government, work, man, state, meeting, company, organization, world, life, public, system, set, put"
Topic_1,1977,Shared,"page, arc, people, man, dead, feel, year, work, industry, management, company, end, mixed, small, board"
Topic_1,1977,COHA,"people, page, feel, man, life, arc, dead, year, end, city, world, power, side, small, talk"
Topic_1,1977,HBR,"page, arc, people, feel, dead, company, manager, inn, management, mixed, executive, talk, learn, man, write"
Topic_1,1977,ILR,"page, work, people, man, industry, year, management, case, arc, feel, company, small, group, end, system"
Topic_1,1982,Shared,"business, managers, costs, employees, problems, harvard, tion, systems, sales, companies, products, businesses, services, data, making"
Topic_1,1982,COHA,"business, managers, costs, problems, employees, companies, sales, systems, people, president, harvard, making, black, products, data"
Topic_1,1982,HBR,"managers, costs, business, employees, tion, harvard, problems, companies, systems, sales, businesses, products, tions, services, executives"
Topic_1,1982,ILR,"business, managers, people, pro, data, world, year, costs, employees, man, government, american, book, set, life"
Topic_1,1987,Shared,"people, year, money, world, company, big, put, talk, call, life, market, american, change, feel, lot"
Topic_1,1987,COHA,"people, money, world, year, big, life, american, put, talk, lot, black, company, today, feel, call"
Topic_1,1987,HBR,"people, talk, company, money, big, lot, world, put, leader, business, year, feel, story, black, today"
Topic_1,1987,ILR,"people, year, company, world, money, change, market, call, put, life, big, man, start, talk, feel"
Topic_1,1992,Shared,"people, world, lot, move, company, leave, small, year, call, work, school, today, home, organization, life"
Topic_1,1992,COHA,"people, world, lot, home, life, school, today, move, put, feel, year, face, story, top, money"
Topic_1,1992,HBR,"people, lot, world, move, company, leader, happen, talk, feel, idea, today, sense, leadership, put, hear"
Topic_1,1992,ILR,"people, world, work, leave, company, year, move, small, organization, call, school, hold, lot, life, power"
Topic_1,1997,Shared,"people, company, team, year, big, put, start, talk, leadership, idea, life, feel, world, work, story"
Topic_1,1997,COHA,"people, big, talk, life, team, put, story, year, lot, company, start, feel, world, idea, space"
Topic_1,1997,HBR,"people, company, talk, team, leadership, big, idea, start, story, lot, feel, put, leader, space, hear"
Topic_1,1997,ILR,"people, company, year, team, start, put, big, work, life, talk, idea, leadership, feel, world, organization"
Topic_1,2002,Shared,"people, idea, year, call, talk, world, life, put, leader, start, feel, work, company, turn, big"
Topic_1,2002,COHA,"people, life, talk, world, idea, year, put, big, lot, call, feel, today, start, head, run"
Topic_1,2002,HBR,"people, talk, idea, leader, culture, lot, call, team, feel, hear, start, big, understand, drive, put"
Topic_1,2002,ILR,"people, idea, year, call, world, work, life, put, talk, leader, start, company, turn, feel, run"
Topic_1,2007,Shared,"people, company, feel, call, lot, life, idea, year, world, big, put, manager, leader, learn, open"
Topic_1,2007,COHA,"people, lot, feel, life, big, story, call, world, year, put, room, head, friend, hard, open"
Topic_1,2007,HBR,"people, feel, lot, idea, leader, company, call, big, story, learn, friend, life, put, bad, team"
Topic_1,2007,ILR,"people, company, call, feel, year, life, idea, work, lot, world, put, manager, leader, open, run"
Topic_1,2012,Shared,"people, company, big, year, talk, work, start, show, idea, world, lot, story, life, feel, money"
Topic_1,2012,COHA,"people, big, talk, story, year, lot, world, life, start, money, show, company, idea, feel, hard"
Topic_1,2012,HBR,"people, talk, big, story, lot, idea, start, company, happy, feel, happen, leadership, leader, hear, brand"
Topic_1,2012,ILR,"people, company, year, big, work, show, talk, start, idea, world, lot, life, story, feel, money"
Topic_1,2017,Shared,"people, year, world, money, start, end, board, place, company, life, put, plan, power, work, small"
Topic_1,2017,COHA,"people, year, world, money, life, end, start, big, place, put, week, city, lot, power, board"
Topic_1,2017,HBR,"people, year, world, start, lot, company, big, money, board, feel, put, life, team, end, idea"
Topic_1,2017,ILR,"people, year, world, money, end, start, place, board, work, company, life, plan, put, power, group"
Topic_2,1922,Shared,"labor, work, industry, case, report, year, country, worker, trade, industrial, question, union, condition, follow, form"
Topic_2,1922,COHA,"labor, work, industry, case, year, report, country, question, state, school, worker, trade, industrial, union, form"
Topic_2,1922,HBR,"industry, labor, work, case, report, year, question, country, industrial, trade, form, organization, worker, condition, follow"
Topic_2,1922,ILR,"labor, work, report, worker, industry, industrial, trade, case, country, question, condition, organization, school, union, international"
Topic_2,1927,Shared,"work, year, report, labor, international, worker, industry, number, country, industrial, trade, question, land, case, special"
Topic_2,1927,COHA,"year, work, report, labor, international, country, industry, worker, question, number, industrial, state, land, trade, office"
Topic_2,1927,HBR,"work, year, report, labor, international, industry, industrial, country, question, worker, number, trade, case, land, economic"
Topic_2,1927,ILR,"work, labor, report, international, worker, year, industrial, country, land, industry, trade, question, number, special, office"
Topic_2,1932,Shared,"work, year, state, country, economic, government, labor, international, system, industry, worker, wage, case, question, organization"
Topic_2,1932,COHA,"work, state, year, government, country, economic, labor, system, international, industry, question, national, case, worker, organization"
Topic_2,1932,HBR,"work, state, year, economic, government, country, system, labor, industry, international, question, organization, case, worker, industrial"
Topic_2,1932,ILR,"work, state, year, labor, country, international, economic, worker, government, system, industry, wage, question, industrial, organization"
Topic_2,1937,Shared,"labor, work, country, social, state, worker, cooperative, wage, year, international, cent, report, case, industrial, industry"
Topic_2,1937,COHA,"state, work, labor, country, social, worker, year, government, cooperative, international, wage, report, law, cent, case"
Topic_2,1937,HBR,"state, work, labor, country, social, worker, cooperative, year, government, report, case, international, industry, industrial, study"
Topic_2,1937,ILR,"labor, social, work, country, worker, state, cooperative, international, wage, report, cent, industrial, condition, organization, industry"
Topic_2,1942,Shared,"war, government, year, state, country, international, organization, economic, work, labor, national, policy, board, social, committee"
Topic_2,1942,COHA,"war, government, state, year, country, national, international, economic, organization, work, board, labor, committee, policy, public"
Topic_2,1942,HBR,"war, government, state, year, country, economic, organization, policy, international, work, national, labor, board, public, social"
Topic_2,1942,ILR,"war, government, international, labor, country, organization, state, worker, social, work, economic, committee, year, board, housing"
Topic_2,1947,Shared,"labor, work, country, social, economic, state, industry, worker, year, national, trade, law, employment, union, relation"
Topic_2,1947,COHA,"labor, work, country, state, social, economic, year, national, industry, law, worker, public, union, government, trade"
Topic_2,1947,HBR,"work, labor, country, economic, social, state, industry, year, national, law, relation, union, trade, worker, public"
Topic_2,1947,ILR,"labor, social, work, country, worker, economic, industry, state, employment, trade, national, union, international, condition, law"
Topic_2,1952,Shared,"country, work, economic, industrial, development, international, labor, state, worker, year, training, government, organization, number, social"
Topic_2,1952,COHA,"country, work, economic, state, industrial, year, government, international, development, labor, national, public, worker, organization, man"
Topic_2,1952,HBR,"country, economic, work, development, industrial, state, year, government, organization, labor, international, public, increase, training, case"
Topic_2,1952,ILR,"country, industrial, economic, work, international, labor, worker, housing, social, development, state, agricultural, cooperative, training, union"
Topic_2,1957,Shared,"work, labor, country, worker, social, training, employment, union, development, economic, industrial, trade, government, organization, wage"
Topic_2,1957,COHA,"work, country, labor, worker, social, government, union, training, economic, development, employment, public, year, trade, policy"
Topic_2,1957,HBR,"work, country, labor, development, social, training, economic, government, worker, union, policy, organization, program, system, job"
Topic_2,1957,ILR,"labor, worker, work, country, social, employment, union, training, industrial, international, wage, trade, economic, government, development"
Topic_2,1962,Shared,"labor, work, worker, economic, country, social, employment, government, union, training, increase, policy, national, trade, industrial"
Topic_2,1962,COHA,"labor, work, government, economic, country, worker, social, national, union, state, policy, employment, public, training, school"
Topic_2,1962,HBR,"labor, economic, work, government, country, policy, social, worker, union, increase, national, training, study, public, industrial"
Topic_2,1962,ILR,"labor, worker, work, social, country, employment, economic, union, government, training, industrial, international, national, trade, condition"
Topic_2,1967,Shared,"work, labor, year, country, system, number, economic, industry, trade, government, policy, worker, change, group, case"
Topic_2,1967,COHA,"work, year, government, labor, country, system, economic, number, industry, policy, public, trade, state, worker, change"
Topic_2,1967,HBR,"work, system, year, government, economic, policy, labor, industry, country, change, number, trade, group, public, small"
Topic_2,1967,ILR,"labor, work, country, worker, economic, trade, government, social, international, system, year, industry, number, report, cent"
Topic_2,1972,Shared,"work, labor, year, public, union, country, government, case, worker, state, national, policy, system, employment, increase"
Topic_2,1972,COHA,"work, year, public, government, state, labor, union, country, national, case, worker, school, man, world, place"
Topic_2,1972,HBR,"work, year, public, government, labor, state, union, case, country, national, system, policy, worker, school, world"
Topic_2,1972,ILR,"work, labor, union, worker, country, government, public, state, case, year, employment, national, social, international, industrial"
Topic_2,1977,Shared,"work, year, development, area, organization, case, public, increase, training, system, country, service, economic, study, industry"
Topic_2,1977,COHA,"year, work, public, area, development, organization, man, world, case, government, action, country, people, national, system"
Topic_2,1977,HBR,"work, year, development, organization, area, public, system, action, case, economic, service, study, small, world, government"
Topic_2,1977,ILR,"work, development, year, organization, country, training, industrial, economic, social, labor, worker, case, area, public, report"
Topic_2,1982,Shared,"work, worker, year, country, number, industry, increase, international, labor, social, group, rate, case, change, economic"
Topic_2,1982,COHA,"work, year, worker, country, state, industry, number, international, government, group, labor, case, public, social, increase"
Topic_2,1982,HBR,"work, year, worker, country, industry, group, increase, change, number, case, system, international, government, social, state"
Topic_2,1982,ILR,"work, worker, labor, country, international, social, year, economic, industry, case, condition, trade, state, government, number"
Topic_2,1987,Shared,"work, year, worker, industry, public, trade, labor, government, number, country, case, pay, industrial, increase, woman"
Topic_2,1987,COHA,"work, year, public, government, worker, state, week, industry, trade, labor, country, number, case, school, order"
Topic_2,1987,HBR,"work, year, public, government, industry, worker, trade, labor, state, case, country, organization, service, number, order"
Topic_2,1987,ILR,"work, worker, labor, trade, government, year, country, public, union, employment, industrial, woman, international, state, industry"
Topic_2,1992,Shared,"government, work, service, policy, job, market, system, union, labor, international, provide, country, change, issue, economic"
Topic_2,1992,COHA,"government, work, political, service, public, union, policy, job, system, international, market, country, labor, issue, local"
Topic_2,1992,HBR,"government, work, service, market, system, job, policy, political, change, union, public, provide, issue, organization, support"
Topic_2,1992,ILR,"government, labor, work, international, union, service, policy, country, social, worker, economic, industrial, provide, law, political"
Topic_2,1997,Shared,"work, country, year, woman, service, labor, cost, program, increase, economic, employment, number, case, worker, job"
Topic_2,1997,COHA,"year, work, country, state, woman, public, program, national, service, case, world, economic, labor, cost, job"
Topic_2,1997,HBR,"work, year, country, program, service, cost, woman, change, job, economic, case, increase, public, labor, number"
Topic_2,1997,ILR,"work, country, labor, woman, employment, worker, economic, year, union, international, state, case, service, national, provide"
Topic_2,2002,Shared,"country, work, year, gender, employment, policy, discrimination, market, increase, change, sector, worker, show, woman, firm"
Topic_2,2002,COHA,"country, year, work, policy, show, employment, change, state, market, increase, gender, woman, discrimination, case, care"
Topic_2,2002,HBR,"country, year, work, market, change, policy, gender, increase, show, employment, service, system, firm, discrimination, woman"
Topic_2,2002,ILR,"country, employment, work, discrimination, labor, worker, policy, woman, gender, sector, trade, cent, social, year, law"
Topic_2,2007,Shared,"work, country, economic, system, job, state, development, social, year, health, labor, level, study, program, provide"
Topic_2,2007,COHA,"work, country, state, economic, year, system, school, job, government, health, social, development, public, program, set"
Topic_2,2007,HBR,"work, country, economic, system, year, state, job, development, health, school, social, program, government, study, set"
Topic_2,2007,ILR,"country, work, economic, social, labor, state, health, worker, system, international, job, employment, government, year, union"
Topic_2,2012,Shared,"country, state, work, labor, worker, international, law, social, year, economic, national, government, low, case, industry"
Topic_2,2012,COHA,"state, country, work, year, law, national, government, labor, international, worker, social, economic, public, man, case"
Topic_2,2012,HBR,"country, state, work, year, law, labor, worker, international, social, government, national, economic, low, case, industry"
Topic_2,2012,ILR,"country, state, labor, worker, international, work, social, law, national, economic, government, education, employment, trade, child"
Topic_2,2017,Shared,"work, study, research, year, show, group, market, change, model, system, human, result, economic, industry, country"
Topic_2,2017,COHA,"work, year, study, show, research, group, human, system, change, law, state, market, country, economic, set"
Topic_2,2017,HBR,"work, year, study, research, show, group, market, change, system, model, human, result, industry, economic, country"
Topic_2,2017,ILR,"work, study, labor, worker, country, law, international, year, economic, social, state, system, show, research, trade"
Topic_3,1922,Shared,"world, life, political, party, president, house, state, government, american, national, night, history, public, court, side"
Topic_3,1922,COHA,"world, president, american, party, house, life, government, political, state, national, night, united, war, court, british"
Topic_3,1922,HBR,"world, government, life, state, national, political, public, party, man, year, american, house, place, power, country"
Topic_3,1922,ILR,"world, state, government, life, national, political, public, year, party, country, man, work, place, labor, power"
Topic_3,1927,Shared,"city, president, american, year, house, man, world, bill, today, made, states, money, prohibition, power, people"
Topic_3,1927,COHA,"president, city, made, american, states, house, york, united, bill, years, british, man, world, prohibition, men"
Topic_3,1927,HBR,"year, man, city, world, american, power, house, state, people, money, public, today, president, small, bill"
Topic_3,1927,ILR,"year, man, city, world, state, power, public, american, house, money, people, end, bill, small, foreign"
Topic_3,1932,Shared,"relief, government, nra, man, life, court, state, american, week, administration, world, national, league, vote, years"
Topic_3,1932,COHA,"relief, government, court, american, man, state, week, secretary, administration, made, war, life, years, national, nra"
Topic_3,1932,HBR,"government, man, relief, state, life, national, year, public, court, world, american, administration, week, department, people"
Topic_3,1932,ILR,"government, relief, man, state, life, national, year, court, public, week, world, office, administration, place, american"
Topic_3,1937,Shared,"president, american, defense, government, people, world, today, roosevelt, house, made, state, court, states, night, secretary"
Topic_3,1937,COHA,"president, american, defense, government, roosevelt, made, states, house, secretary, world, court, today, war, state, people"
Topic_3,1937,HBR,"government, people, american, world, year, president, state, defense, today, board, court, small, put, house, man"
Topic_3,1937,ILR,"government, year, people, state, world, american, board, defense, president, court, today, office, national, public, work"
Topic_3,1942,Shared,"army, air, war, british, world, german, navy, president, people, today, american, made, back, oil, bill"
Topic_3,1942,COHA,"army, war, british, air, german, president, made, navy, york, world, american, men, back, bill, today"
Topic_3,1942,HBR,"war, world, people, air, state, man, army, german, british, government, today, life, american, small, oil"
Topic_3,1942,ILR,"war, state, world, people, german, government, man, air, british, army, national, life, public, year, today"
Topic_3,1947,Shared,"war, government, world, state, american, man, year, city, house, party, week, people, president, public, power"
Topic_3,1947,COHA,"war, american, united, president, government, city, world, house, party, state, week, man, soviet, secretary, year"
Topic_3,1947,HBR,"war, year, government, man, state, world, public, people, american, city, power, party, national, week, house"
Topic_3,1947,ILR,"war, year, government, state, man, world, public, week, national, party, people, power, city, american, house"
Topic_3,1952,Shared,"party, man, white, school, world, city, administration, election, state, power, end, commission, chairman, speech, national"
Topic_3,1952,COHA,"party, white, man, world, city, administration, election, school, united, chairman, senator, state, speech, political, commission"
Topic_3,1952,HBR,"man, party, world, school, power, state, year, end, public, national, board, administration, white, place, city"
Topic_3,1952,ILR,"man, party, school, state, world, power, year, national, end, public, board, administration, place, law, union"
Topic_3,1957,Shared,"president, city, american, people, today, air, big, put, world, life, bill, million, man, war, years"
Topic_3,1957,COHA,"president, american, city, years, states, air, governor, war, today, senate, secretary, bill, democratic, people, million"
Topic_3,1957,HBR,"people, president, american, today, city, man, put, world, life, year, state, big, air, government, end"
Topic_3,1957,ILR,"people, president, city, american, man, today, state, year, world, put, life, government, war, end, air"
Topic_3,1962,Shared,"president, american, people, state, man, world, year, city, life, house, federal, public, national, military, soviet"
Topic_3,1962,COHA,"president, american, state, soviet, states, united, city, house, world, people, years, man, military, negro, federal"
Topic_3,1962,HBR,"people, man, state, year, president, world, american, public, life, government, national, city, federal, today, political"
Topic_3,1962,ILR,"state, year, man, people, president, world, public, american, government, national, life, federal, city, party, place"
Topic_3,1967,Shared,"president, people, city, white, american, man, world, week, state, year, black, million, political, states, vietnam"
Topic_3,1967,COHA,"president, states, american, city, white, vietnam, million, people, united, week, political, years, state, world, administration"
Topic_3,1967,HBR,"people, year, man, president, state, world, city, american, week, political, life, national, public, white, young"
Topic_3,1967,ILR,"people, year, man, state, world, president, week, city, political, national, american, public, young, life, white"
Topic_3,1972,Shared,"president, people, city, american, year, white, years, world, house, black, life, back, home, week, made"
Topic_3,1972,COHA,"president, years, city, american, white, people, made, house, states, york, back, world, year, united, black"
Topic_3,1972,HBR,"year, people, president, world, public, city, life, man, state, american, school, home, work, money, week"
Topic_3,1972,ILR,"year, people, president, world, city, public, state, life, american, man, school, home, week, white, house"
Topic_3,1977,Shared,"people, carter, president, american, city, federal, house, life, years, white, world, year, reagan, week, man"
Topic_3,1977,COHA,"carter, president, people, years, reagan, american, city, house, federal, white, nuclear, states, secretary, week, life"
Topic_3,1977,HBR,"people, year, president, american, man, life, world, state, federal, city, department, work, put, week, house"
Topic_3,1977,ILR,"people, year, president, american, life, state, man, federal, world, city, carter, week, department, house, put"
Topic_3,1982,Shared,"years, president, million, american, companies, week, made, york, soviet, people, city, billion, world, programs, workers"
Topic_3,1982,COHA,"years, president, million, american, soviet, york, made, week, companies, city, billion, workers, programs, officials, military"
Topic_3,1982,HBR,"people, year, american, president, world, week, million, city, money, political, government, state, home, public, life"
Topic_3,1982,ILR,"year, american, people, president, week, world, million, city, political, state, government, money, years, home, public"
Topic_3,1987,Shared,"people, million, american, president, world, state, school, home, week, year, black, city, percent, national, life"
Topic_3,1987,COHA,"million, american, president, people, state, week, world, city, home, states, national, school, year, years, united"
Topic_3,1987,HBR,"people, year, state, world, american, school, national, home, life, public, week, support, man, today, city"
Topic_3,1987,ILR,"people, year, state, world, american, school, national, home, week, million, life, public, city, president, support"
Topic_3,1992,Shared,"people, year, years, home, life, white, american, big, world, black, art, back, university, early, president"
Topic_3,1992,COHA,"people, years, year, home, life, american, white, world, back, black, president, university, big, state, week"
Topic_3,1992,HBR,"people, year, life, home, world, big, american, place, end, white, government, work, early, live, school"
Topic_3,1992,ILR,"people, year, life, home, world, american, big, white, place, end, government, state, early, live, years"
Topic_3,1997,Shared,"home, year, world, school, president, companies, life, room, head, place, family, center, body, power, man"
Topic_3,1997,COHA,"president, home, companies, world, school, year, life, room, years, back, family, city, york, body, state"
Topic_3,1997,HBR,"year, world, home, school, life, place, power, man, family, people, head, center, room, state, body"
Topic_3,1997,ILR,"year, home, world, school, life, place, family, man, power, body, center, president, head, state, room"
Topic_3,2002,Shared,"home, year, man, world, school, city, money, life, week, white, light, million, american, end, women"
Topic_3,2002,COHA,"home, women, million, city, world, school, american, white, year, week, man, life, war, president, years"
Topic_3,2002,HBR,"year, man, home, world, school, end, people, money, life, place, week, light, city, area, food"
Topic_3,2002,ILR,"year, man, home, world, school, life, end, money, week, city, light, people, food, center, american"
Topic_3,2007,Shared,"back, life, percent, home, people, water, year, house, school, years, game, war, american, million, world"
Topic_3,2007,COHA,"back, years, percent, made, life, house, times, based, home, million, water, days, school, war, american"
Topic_3,2007,HBR,"year, people, life, school, home, place, world, state, end, small, water, back, house, war, man"
Topic_3,2007,ILR,"life, year, people, back, home, school, water, house, state, percent, world, place, war, american, end"
Topic_3,2012,Shared,"people, years, back, state, city, county, life, world, found, school, made, night, house, president, left"
Topic_3,2012,COHA,"years, back, county, city, made, state, people, found, children, night, left, life, world, school, president"
Topic_3,2012,HBR,"people, state, world, life, year, school, city, place, set, public, man, free, early, put, open"
Topic_3,2012,ILR,"people, state, world, life, city, school, back, years, county, year, place, free, early, public, party"
Topic_3,2017,Shared,"years, made, president, trump, states, told, times, city, called, york, house, back, things, percent, google"
Topic_3,2017,COHA,"years, made, president, told, states, times, trump, called, york, things, back, city, percent, left, house"
Topic_3,2017,HBR,"president, life, year, city, people, week, american, house, state, world, end, years, government, public, today"
Topic_3,2017,ILR,"years, president, made, city, house, american, life, week, trump, percent, back, states, million, state, times"
Topic_4,1922,Shared,"state, man, year, place, house, power, city, public, week, matter, war, commission, party, department, american"
Topic_4,1922,COHA,"state, man, house, year, city, american, war, party, place, president, week, power, public, british, political"
Topic_4,1922,HBR,"state, man, year, place, power, public, house, city, matter, war, department, commission, work, end, case"
Topic_4,1922,ILR,"state, year, man, place, work, power, case, matter, public, building, law, week, war, house, end"
Topic_4,1927,Shared,"american, state, public, war, city, week, government, people, world, national, man, year, life, home, young"
Topic_4,1927,COHA,"american, state, war, week, city, world, people, government, public, young, national, life, home, man, president"
Topic_4,1927,HBR,"state, public, american, government, man, year, war, people, world, city, national, life, week, home, place"
Topic_4,1927,ILR,"state, year, public, government, week, national, man, war, young, home, place, people, life, city, world"
Topic_4,1932,Shared,"people, american, government, president, house, man, white, world, young, public, party, state, life, side, work"
Topic_4,1932,COHA,"american, people, president, government, house, party, world, white, man, secretary, week, state, young, life, public"
Topic_4,1932,HBR,"people, government, american, man, work, public, year, state, world, power, life, line, house, side, today"
Topic_4,1932,ILR,"work, government, people, year, state, public, man, young, american, national, week, office, power, act, committee"
Topic_4,1937,Shared,"war, american, people, government, world, state, president, home, power, life, federal, political, nation, peace, foreign"
Topic_4,1937,COHA,"war, american, president, world, people, government, state, home, peace, life, secretary, political, federal, power, bill"
Topic_4,1937,HBR,"war, government, people, american, world, state, power, year, life, public, foreign, federal, home, man, nation"
Topic_4,1937,ILR,"war, government, state, people, year, world, power, home, american, national, public, committee, federal, life, work"
Topic_4,1942,Shared,"war, man, american, home, year, world, government, national, state, power, committee, people, public, place, life"
Topic_4,1942,COHA,"war, american, home, world, man, government, year, national, house, people, state, president, committee, week, power"
Topic_4,1942,HBR,"war, man, year, government, american, world, national, home, power, public, state, people, work, program, place"
Topic_4,1942,ILR,"war, year, government, man, national, work, home, state, committee, public, world, power, country, labor, place"
Topic_4,1947,Shared,"war, government, world, american, state, year, military, people, city, power, bill, week, house, put, meeting"
Topic_4,1947,COHA,"american, war, world, military, government, state, city, house, bill, week, people, air, president, today, year"
Topic_4,1947,HBR,"government, war, world, year, american, state, people, power, military, man, put, meeting, end, life, today"
Topic_4,1947,ILR,"government, war, year, state, world, work, power, week, national, american, end, meeting, people, man, committee"
Topic_4,1952,Shared,"war, state, house, government, people, party, power, man, week, year, home, life, committee, young, office"
Topic_4,1952,COHA,"war, state, house, party, government, week, people, man, power, city, secretary, committee, home, young, president"
Topic_4,1952,HBR,"state, war, people, government, power, man, year, house, life, party, world, office, home, national, free"
Topic_4,1952,ILR,"state, war, government, year, power, office, man, committee, party, work, people, national, week, house, home"
Topic_4,1957,Shared,"people, world, life, school, state, year, city, president, home, put, american, big, house, man, money"
Topic_4,1957,COHA,"people, world, state, life, school, city, president, year, american, home, house, week, government, man, put"
Topic_4,1957,HBR,"people, world, year, life, state, school, man, work, put, government, city, power, home, american, big"
Topic_4,1957,ILR,"people, year, state, school, work, world, life, government, home, place, man, power, put, end, free"
Topic_4,1962,Shared,"state, year, war, government, school, court, man, people, foreign, public, house, world, place, office, nation"
Topic_4,1962,COHA,"state, war, government, court, year, school, house, american, world, people, man, foreign, public, city, political"
Topic_4,1962,HBR,"year, government, state, people, man, school, war, public, foreign, world, place, nation, court, office, life"
Topic_4,1962,ILR,"year, state, government, school, war, office, public, court, place, man, people, national, foreign, case, law"
Topic_4,1967,Shared,"man, year, state, city, government, public, school, life, war, administration, end, today, american, world, week"
Topic_4,1967,COHA,"city, state, man, government, year, school, war, public, american, life, administration, today, world, week, house"
Topic_4,1967,HBR,"man, year, state, government, public, city, school, life, today, end, world, power, small, place, people"
Topic_4,1967,ILR,"year, state, government, man, public, school, work, national, country, city, law, life, office, administration, end"
Topic_4,1972,Shared,"war, political, world, american, government, people, year, oil, home, life, foreign, state, young, president, school"
Topic_4,1972,COHA,"war, american, political, world, president, government, people, home, life, state, year, young, oil, foreign, week"
Topic_4,1972,HBR,"year, government, people, world, war, political, work, life, foreign, state, american, oil, home, school, place"
Topic_4,1972,ILR,"government, year, war, political, world, work, state, people, foreign, national, life, school, young, home, country"
Topic_4,1977,Shared,"year, government, man, world, state, people, life, young, national, american, war, power, president, place, foreign"
Topic_4,1977,COHA,"year, world, government, american, state, man, people, young, president, life, national, war, home, week, administration"
Topic_4,1977,HBR,"year, government, man, people, world, state, life, national, power, place, young, american, set, foreign, work"
Topic_4,1977,ILR,"year, government, state, man, national, world, people, young, life, work, place, power, public, school, set"
Topic_4,1982,Shared,"people, american, military, man, world, president, year, city, state, life, money, federal, war, week, public"
Topic_4,1982,COHA,"people, american, military, president, state, world, city, man, year, life, week, war, federal, home, party"
Topic_4,1982,HBR,"people, year, man, world, state, american, public, life, money, government, federal, city, end, military, work"
Topic_4,1982,ILR,"people, year, man, state, public, world, life, american, government, work, federal, money, week, military, war"
Topic_4,1987,Shared,"reagan, city, president, people, year, years, night, white, american, world, black, war, america, life, young"
Topic_4,1987,COHA,"reagan, years, president, city, night, white, people, american, america, year, war, million, world, black, back"
Topic_4,1987,HBR,"year, people, world, case, man, city, work, place, life, show, national, age, kind, power, small"
Topic_4,1987,ILR,"year, people, case, national, work, age, man, world, city, place, show, government, state, young, public"
Topic_4,1992,Shared,"world, american, city, year, white, state, years, air, school, public, life, children, political, house, back"
Topic_4,1992,COHA,"years, world, city, american, children, white, back, million, year, state, house, night, air, president, school"
Topic_4,1992,HBR,"world, year, public, state, people, government, american, city, school, man, life, place, political, power, free"
Topic_4,1992,ILR,"year, world, state, public, government, school, man, place, city, national, american, political, life, work, people"
Topic_4,1997,Shared,"people, life, home, school, world, american, lot, history, love, years, director, year, heart, president, top"
Topic_4,1997,COHA,"years, home, life, people, school, american, back, house, world, president, made, history, love, children, year"
Topic_4,1997,HBR,"people, life, year, world, home, school, director, small, feel, top, today, lot, history, american, company"
Topic_4,1997,ILR,"people, life, year, school, home, world, small, director, american, state, man, history, public, today, feel"
Topic_4,2002,Shared,"people, school, life, world, big, top, year, back, million, white, today, state, home, years, intelligence"
Topic_4,2002,COHA,"people, school, life, years, back, world, million, white, home, state, big, year, president, found, today"
Topic_4,2002,HBR,"people, year, school, life, world, big, state, top, show, call, end, place, today, set, feel"
Topic_4,2002,ILR,"people, school, year, life, world, state, show, place, big, home, man, set, end, top, small"
Topic_4,2007,Shared,"world, state, american, year, home, war, week, life, political, national, people, man, government, military, school"
Topic_4,2007,COHA,"world, state, american, home, week, year, war, city, life, years, house, political, school, people, military"
Topic_4,2007,HBR,"world, year, state, people, work, man, life, public, government, home, place, school, american, national, power"
Topic_4,2007,ILR,"state, world, year, government, national, public, work, man, week, home, political, people, life, war, school"
Topic_4,2012,Shared,"people, life, american, water, back, black, million, city, home, world, year, past, man, house, ball"
Topic_4,2012,COHA,"life, people, american, water, back, city, million, home, house, year, black, world, president, years, man"
Topic_4,2012,HBR,"people, life, year, world, man, home, american, feel, water, run, today, kind, put, city, company"
Topic_4,2012,ILR,"people, life, year, man, world, american, home, water, city, run, school, kind, feel, today, past"
Topic_4,2017,Shared,"people, hit, world, set, life, year, bad, home, game, state, lot, history, love, stop, start"
Topic_4,2017,COHA,"people, world, state, year, home, life, night, set, hit, school, president, american, public, million, back"
Topic_4,2017,HBR,"people, year, world, set, hit, life, work, start, bad, state, home, feel, place, run, company"
Topic_4,2017,ILR,"people, year, world, set, state, work, life, public, home, hit, place, bad, start, school, center"
Topic_5,1922,Shared,"price, company, year, case, cost, increase, market, work, result, public, system, sale, rate, industry, show"
Topic_5,1922,COHA,"price, year, company, case, cost, increase, public, market, work, result, system, sale, rate, industry, man"
Topic_5,1922,HBR,"price, company, cost, case, market, increase, sale, year, result, system, rate, public, demand, industry, work"
Topic_5,1922,ILR,"price, case, increase, company, year, cost, work, result, system, industry, market, public, rate, demand, organization"
Topic_5,1927,Shared,"bank, year, company, market, cost, price, industry, interest, policy, result, material, increase, work, low, small"
Topic_5,1927,COHA,"bank, year, company, market, cost, price, industry, interest, policy, small, state, material, result, foreign, man"
Topic_5,1927,HBR,"bank, company, market, cost, price, year, interest, material, industry, policy, increase, result, method, credit, sale"
Topic_5,1927,ILR,"bank, industry, year, cost, market, increase, company, interest, policy, price, result, work, trade, material, method"
Topic_5,1932,Shared,"bank, cost, production, interest, industry, volume, policy, sale, company, depression, market, result, trade, system, increase"
Topic_5,1932,COHA,"bank, cost, interest, production, policy, industry, company, gold, volume, sale, depression, system, market, result, small"
Topic_5,1932,HBR,"bank, cost, volume, production, interest, depression, sale, policy, industry, material, capital, company, decline, gold, increase"
Topic_5,1932,ILR,"bank, cost, industry, production, trade, policy, economic, increase, interest, work, result, system, volume, form, depression"
Topic_5,1937,Shared,"price, cost, volume, loan, rate, industry, plant, work, change, increase, bank, import, production, factor, method"
Topic_5,1937,COHA,"price, cost, loan, volume, rate, plant, work, industry, bank, change, increase, production, year, system, amount"
Topic_5,1937,HBR,"price, loan, volume, cost, bank, plant, import, rate, production, debt, factor, merchandise, taxation, industry, increase"
Topic_5,1937,ILR,"price, cost, work, industry, increase, rate, volume, loan, production, change, economic, labor, method, system, factor"
Topic_5,1942,Shared,"company, price, control, change, cost, product, industry, management, production, plan, man, program, year, market, increase"
Topic_5,1942,COHA,"company, control, price, change, cost, product, man, year, industry, plan, production, small, management, program, policy"
Topic_5,1942,HBR,"price, company, control, cost, product, change, production, industry, management, corporation, plan, man, increase, income, policy"
Topic_5,1942,ILR,"price, control, change, industry, cost, production, company, increase, work, plan, policy, year, income, product, program"
Topic_5,1947,Shared,"plan, company, price, case, year, man, small, cost, period, change, production, income, industry, profit, control"
Topic_5,1947,COHA,"plan, company, year, price, man, case, small, control, cost, production, change, period, program, income, industry"
Topic_5,1947,HBR,"company, price, plan, case, profit, cost, man, production, year, period, small, control, income, stock, change"
Topic_5,1947,ILR,"plan, case, price, year, company, industry, production, period, income, increase, union, cost, economic, change, man"
Topic_5,1952,Shared,"year, industry, group, company, work, change, important, man, cost, increase, union, management, service, case, sale"
Topic_5,1952,COHA,"year, industry, man, group, company, important, work, change, cost, union, increase, small, department, management, case"
Topic_5,1952,HBR,"company, sale, industry, year, cost, management, man, group, important, change, increase, department, basis, control, competition"
Topic_5,1952,ILR,"industry, year, group, increase, work, change, cost, union, important, company, economic, man, basis, case, income"
Topic_5,1957,Shared,"management, work, company, industry, production, product, employee, development, level, job, require, market, cost, organization, plant"
Topic_5,1957,COHA,"management, work, company, industry, production, product, job, employee, development, cost, market, level, plant, require, system"
Topic_5,1957,HBR,"management, company, product, production, plant, industry, cost, market, investment, require, price, executive, work, job, capital"
Topic_5,1957,ILR,"work, industry, management, production, development, employee, level, require, increase, job, activity, company, product, provide, organization"
Topic_5,1962,Shared,"man, year, price, tax, company, work, cost, case, people, plan, change, program, rate, area, show"
Topic_5,1962,COHA,"man, year, price, tax, people, work, company, case, cost, plan, show, program, change, area, government"
Topic_5,1962,HBR,"man, price, company, tax, year, cost, businessman, management, plan, case, change, interest, rate, people, result"
Topic_5,1962,ILR,"year, man, work, price, case, cost, tax, plan, rate, change, company, program, area, result, show"
Topic_5,1967,Shared,"company, cost, policy, work, year, sale, group, system, change, bank, price, management, market, result, command"
Topic_5,1967,COHA,"company, year, cost, policy, work, group, system, sale, man, change, bank, price, government, interest, foreign"
Topic_5,1967,HBR,"company, sale, cost, bank, command, management, price, policy, product, advertising, system, change, group, market, year"
Topic_5,1967,ILR,"work, company, policy, year, cost, system, group, change, result, case, government, form, development, economic, industry"
Topic_5,1972,Shared,"company, management, consumer, plan, control, organization, program, interest, cost, change, year, manager, increase, price, advertising"
Topic_5,1972,COHA,"company, management, consumer, control, year, plan, interest, program, organization, tax, cost, change, price, people, advertising"
Topic_5,1972,HBR,"company, management, consumer, control, advertising, manager, plan, sale, cost, interest, organization, price, tax, decision, program"
Topic_5,1972,ILR,"company, organization, management, plan, program, year, increase, interest, change, consumer, control, cost, result, work, group"
Topic_5,1977,Shared,"company, management, cost, energy, job, change, level, employee, corporate, market, people, decision, multinational, approach, price"
Topic_5,1977,COHA,"company, energy, management, cost, people, job, change, year, level, employee, corporate, market, price, decision, service"
Topic_5,1977,HBR,"company, management, cost, corporate, energy, executive, multinational, manager, decision, change, market, sale, employee, price, job"
Topic_5,1977,ILR,"company, management, cost, job, level, employee, change, work, energy, market, service, increase, productivity, decision, people"
Topic_5,1982,Shared,"cost, company, year, price, change, industry, system, service, real, market, program, management, group, show, rate"
Topic_5,1982,COHA,"cost, company, year, price, real, change, man, industry, system, service, show, control, group, program, line"
Topic_5,1982,HBR,"company, cost, price, year, change, management, system, product, industry, real, control, service, market, manager, decision"
Topic_5,1982,ILR,"cost, company, year, change, industry, price, system, service, program, market, group, work, real, rate, management"
Topic_5,1987,Shared,"work, year, system, government, market, economic, organization, cost, group, people, world, company, country, industry, employee"
Topic_5,1987,COHA,"year, work, government, system, people, world, market, group, economic, company, cost, organization, set, country, industry"
Topic_5,1987,HBR,"work, system, year, company, government, market, people, organization, cost, world, management, group, employee, decision, industry"
Topic_5,1987,ILR,"work, system, year, government, economic, market, organization, country, group, cost, industry, employee, job, world, company"
Topic_5,1992,Shared,"cost, year, company, management, service, product, change, begin, employee, price, work, board, industry, system, government"
Topic_5,1992,COHA,"year, cost, company, management, service, product, begin, change, board, government, price, work, employee, industry, system"
Topic_5,1992,HBR,"company, management, product, cost, year, service, begin, change, board, manager, employee, price, system, work, industry"
Topic_5,1992,ILR,"cost, year, management, service, company, change, product, work, employee, begin, industry, system, price, government, program"
Topic_5,1997,Shared,"company, market, manager, year, executive, product, information, system, change, management, cost, service, job, group, result"
Topic_5,1997,COHA,"company, market, year, manager, executive, people, product, information, system, site, change, small, group, important, cost"
Topic_5,1997,HBR,"company, market, manager, year, executive, product, information, system, management, change, people, service, cost, performance, important"
Topic_5,1997,ILR,"company, market, year, manager, system, information, product, change, executive, job, service, management, work, cost, result"
Topic_5,2002,Shared,"company, people, market, change, work, manager, job, year, offer, cost, product, system, service, leader, team"
Topic_5,2002,COHA,"people, company, market, year, change, world, work, manager, job, offer, team, cost, leader, real, product"
Topic_5,2002,HBR,"company, people, market, manager, work, change, leader, product, offer, team, year, service, cost, system, marketing"
Topic_5,2002,ILR,"company, people, market, work, change, job, year, manager, cost, offer, system, service, product, low, important"
Topic_5,2007,Shared,"market, company, system, year, group, change, people, cost, power, result, future, economic, government, world, product"
Topic_5,2007,COHA,"year, market, system, company, people, power, world, group, government, future, man, change, small, cost, result"
Topic_5,2007,HBR,"company, market, system, year, people, product, group, power, change, world, future, cost, result, offer, management"
Topic_5,2007,ILR,"market, system, company, year, group, change, economic, result, cost, government, power, people, work, future, low"
Topic_5,2012,Shared,"company, market, change, product, people, cost, executive, year, offer, team, decision, process, group, work, system"
Topic_5,2012,COHA,"company, people, market, year, change, product, cost, executive, offer, team, group, work, control, decision, system"
Topic_5,2012,HBR,"company, people, change, market, product, executive, year, offer, cost, team, work, decision, create, leader, process"
Topic_5,2012,ILR,"company, market, change, product, people, cost, year, executive, offer, work, group, system, process, decision, control"
Topic_5,2017,Shared,"company, people, customer, feel, work, year, product, market, share, create, process, firm, research, manager, change"
Topic_5,2017,COHA,"people, company, year, feel, work, customer, career, share, lead, product, market, change, research, idea, information"
Topic_5,2017,HBR,"people, company, customer, feel, work, create, product, team, year, manager, lead, idea, share, research, process"
Topic_5,2017,ILR,"company, people, work, year, customer, market, feel, share, firm, change, product, process, research, lead, create"
Topic_6,1922,Shared,"street, states, governor, found, american, morning, hundred, united, party, people, president, church, business, story, league"
Topic_6,1922,COHA,"street, states, morning, found, church, years, governor, united, hundred, made, story, ago, league, president, american"
Topic_6,1922,HBR,"people, american, party, street, president, life, business, home, hundred, found, governor, morning, room, story, put"
Topic_6,1922,ILR,"people, party, american, life, home, work, year, room, put, street, president, world, found, business, human"
Topic_6,1927,Shared,"made, years, street, men, american, man, back, city, times, york, president, night, house, war, women"
Topic_6,1927,COHA,"years, made, men, street, back, times, women, york, ago, called, thought, night, american, morning, found"
Topic_6,1927,HBR,"man, american, city, war, street, made, house, years, life, president, men, night, world, young, back"
Topic_6,1927,ILR,"man, american, war, city, life, year, house, young, state, world, week, court, night, street, president"
Topic_6,1932,Shared,"made, president, years, states, men, york, roosevelt, left, days, ago, told, back, called, united, women"
Topic_6,1932,COHA,"made, years, men, left, days, ago, president, women, york, told, states, things, called, looked, heard"
Topic_6,1932,HBR,"president, made, years, house, american, states, back, men, york, people, left, roosevelt, united, hundred, bill"
Topic_6,1932,ILR,"president, made, house, american, years, people, back, bill, states, men, york, today, white, week, left"
Topic_6,1937,Shared,"men, years, british, week, germany, war, miles, german, twenty, called, made, spain, days, father, women"
Topic_6,1937,COHA,"years, men, miles, germany, spain, twenty, called, days, british, women, father, made, week, eyes, hours"
Topic_6,1937,HBR,"week, war, british, german, years, men, germany, american, house, peace, young, miles, state, man, father"
Topic_6,1937,ILR,"week, war, british, german, years, men, american, germany, house, state, young, man, town, peace, year"
Topic_6,1942,Shared,"men, army, navy, twenty, military, years, days, officers, war, germany, sir, british, week, france, marshal"
Topic_6,1942,COHA,"men, army, twenty, days, navy, jap, years, officers, miles, words, troops, marshal, russia, sir, italy"
Topic_6,1942,HBR,"army, men, military, war, week, navy, british, american, man, years, air, twenty, french, house, government"
Topic_6,1942,ILR,"army, men, war, military, week, british, navy, american, man, french, air, government, years, house, twenty"
Topic_6,1947,Shared,"united, states, years, made, nations, back, president, york, times, communist, told, soviet, washington, asked, men"
Topic_6,1947,COHA,"years, united, nations, states, made, korea, back, times, told, asked, called, york, washington, children, days"
Topic_6,1947,HBR,"united, states, years, president, made, back, soviet, nations, city, world, communist, party, york, today, american"
Topic_6,1947,ILR,"united, states, years, president, made, back, soviet, city, world, nations, party, communist, york, american, young"
Topic_6,1952,Shared,"communist, made, united, years, senator, states, communists, men, president, york, back, west, truman, told, found"
Topic_6,1952,COHA,"communist, years, made, communists, senator, truman, states, united, men, miles, eisenhower, told, york, called, began"
Topic_6,1952,HBR,"communist, president, made, united, american, years, senator, states, world, soviet, back, found, men, city, york"
Topic_6,1952,ILR,"communist, made, united, president, years, american, senator, states, world, back, soviet, found, men, city, york"
Topic_6,1957,Shared,"united, president, years, made, back, kennedy, washington, called, days, told, states, miles, left, east, moscow"
Topic_6,1957,COHA,"years, kennedy, back, united, made, washington, miles, called, days, told, left, president, east, began, turned"
Topic_6,1957,HBR,"president, united, back, week, people, young, war, years, world, made, night, party, kennedy, military, boy"
Topic_6,1957,ILR,"president, united, back, week, years, made, young, war, night, people, kennedy, world, party, washington, boy"
Topic_6,1962,Shared,"years, made, united, states, york, back, times, called, johnson, told, president, men, white, john, washington"
Topic_6,1962,COHA,"years, johnson, made, york, states, united, called, times, told, john, back, began, goldwater, left, days"
Topic_6,1962,HBR,"years, made, president, united, white, back, states, york, world, people, american, million, house, city, big"
Topic_6,1962,ILR,"years, made, united, president, states, white, back, york, million, times, american, world, house, johnson, people"
Topic_6,1967,Shared,"israel, york, israeli, arab, chicago, began, years, women, president, police, made, south, violence, ago, left"
Topic_6,1967,COHA,"israel, york, israeli, began, chicago, years, women, arab, led, americans, made, left, ago, talks, john"
Topic_6,1967,HBR,"president, israel, arab, york, american, israeli, school, south, soviet, police, college, chicago, plane, violence, years"
Topic_6,1967,ILR,"israel, york, arab, president, israeli, american, chicago, south, police, soviet, school, years, college, plane, women"
Topic_6,1972,Shared,"kissinger, watergate, israel, years, vietnamese, asked, york, saigon, viet, began, nam, cia, daley, israeli, prisoners"
Topic_6,1972,COHA,"kissinger, watergate, israel, years, vietnamese, cia, saigon, asked, daley, began, viet, israeli, york, nam, heroin"
Topic_6,1972,HBR,"kissinger, watergate, israel, years, vietnamese, york, asked, editor, israeli, viet, saigon, made, president, began, news"
Topic_6,1972,ILR,"kissinger, watergate, israel, years, vietnamese, york, asked, viet, saigon, israeli, began, editor, made, nam, daley"
Topic_6,1977,Shared,"carter, iran, reagan, shah, told, jimmy, kennedy, won, saudi, years, israeli, africa, vance, hostages, angeles"
Topic_6,1977,COHA,"carter, iran, reagan, shah, jimmy, saudi, kennedy, told, won, hostages, angeles, jerry, koch, arabia, shirley"
Topic_6,1977,HBR,"carter, iran, reagan, kennedy, told, shah, president, jimmy, years, israeli, million, business, won, saudi, made"
Topic_6,1977,ILR,"carter, iran, reagan, told, kennedy, shah, jimmy, won, years, saudi, israeli, made, president, vance, africa"
Topic_6,1982,Shared,"years, million, reagan, nuclear, called, didn, back, things, lebanon, doesn, ago, california, months, made, told"
Topic_6,1982,COHA,"didn, reagan, doesn, years, lebanon, beirut, ronald, million, tv, analysts, nuclear, called, california, things, david"
Topic_6,1982,HBR,"years, million, nuclear, reagan, back, called, made, companies, things, ago, months, california, percent, told, television"
Topic_6,1982,ILR,"years, million, nuclear, reagan, back, called, made, things, ago, months, didn, california, companies, told, lebanon"
Topic_6,1987,Shared,"years, back, made, million, washington, called, left, president, days, america, black, east, la, children, york"
Topic_6,1987,COHA,"years, back, made, million, left, called, la, tv, washington, black, game, children, days, east, began"
Topic_6,1987,HBR,"years, back, million, president, made, world, life, people, city, black, house, art, man, white, left"
Topic_6,1987,ILR,"years, back, made, million, president, black, left, washington, city, house, called, life, america, world, art"
Topic_6,1992,Shared,"years, back, percent, life, made, black, found, million, kids, book, game, dark, women, art, white"
Topic_6,1992,COHA,"years, kids, percent, cup, back, dark, game, black, christmas, pepper, women, fish, bush, fat, life"
Topic_6,1992,HBR,"years, life, back, people, book, black, percent, world, art, game, house, million, american, found, home"
Topic_6,1992,ILR,"years, back, life, percent, black, found, book, million, made, people, game, art, house, white, american"
Topic_6,1997,Shared,"fat, bowl, cups, pepper, back, teaspoon, times, made, years, miles, games, sports, tablespoons, percent, beach"
Topic_6,1997,COHA,"fat, cups, pepper, teaspoon, bowl, tablespoons, cheese, bike, protein, inch, cook, garlic, sodium, baking, games"
Topic_6,1997,HBR,"fat, people, back, bowl, percent, home, pepper, love, times, cups, made, teaspoon, million, years, white"
Topic_6,1997,ILR,"fat, bowl, back, cups, pepper, times, teaspoon, made, percent, years, miles, games, people, sports, church"
Topic_6,2002,Shared,"years, back, kids, heat, love, percent, million, people, season, minutes, lot, cook, big, chicken, fat"
Topic_6,2002,COHA,"kids, heat, cook, fat, salt, chicken, sauce, season, minutes, years, love, percent, inch, iraq, back"
Topic_6,2002,HBR,"people, back, big, heat, love, lot, years, million, life, home, percent, season, oil, team, top"
Topic_6,2002,ILR,"years, back, people, heat, love, million, kids, percent, season, lot, big, cook, fat, minutes, black"
Topic_6,2007,Shared,"minutes, cup, back, years, makes, percent, fat, cups, women, left, made, bowl, heat, parents, pepper"
Topic_6,2007,COHA,"cup, minutes, cups, fat, pepper, heat, bowl, oven, inch, tsp, chopped, cool, percent, back, makes"
Topic_6,2007,HBR,"minutes, back, cup, fat, heat, percent, years, water, white, season, makes, room, cool, guy, home"
Topic_6,2007,ILR,"minutes, cup, back, years, makes, percent, fat, heat, left, women, made, bowl, cups, parents, pepper"
Topic_6,2012,Shared,"amp, trump, star, minutes, cup, researchers, kids, telescope, scientists, golf, obama, features, players, game, years"
Topic_6,2012,COHA,"amp, trump, cup, star, minutes, researchers, kids, telescope, pepper, sauce, obama, golf, tsp, features, media"
Topic_6,2012,HBR,"amp, trump, star, cup, game, minutes, researchers, kids, sky, love, golf, telescope, rock, percent, obama"
Topic_6,2012,ILR,"amp, trump, star, minutes, cup, researchers, kids, telescope, scientists, game, golf, obama, features, sky, rock"
Topic_6,2017,Shared,"trump, back, amp, season, years, facebook, news, movie, president, people, including, told, monday, black, wednesday"
Topic_6,2017,COHA,"trump, amp, facebook, season, album, back, movie, images, media, years, wednesday, ap, including, video, twitter"
Topic_6,2017,HBR,"trump, people, season, back, amp, facebook, news, team, big, years, president, movie, black, story, world"
Topic_6,2017,ILR,"trump, back, season, amp, years, news, facebook, people, movie, president, black, monday, including, told, big"
Topic_7,1922,Shared,"labor, work, international, worker, trade, state, industrial, law, agricultural, organization, country, cooperative, social, condition, society"
Topic_7,1922,COHA,"labor, work, international, state, worker, law, trade, industrial, country, organization, society, social, government, agricultural, union"
Topic_7,1922,HBR,"labor, work, international, worker, state, trade, organization, industrial, law, country, condition, social, cooperative, society, agricultural"
Topic_7,1922,ILR,"labor, international, agricultural, work, worker, cooperative, industrial, trade, association, federation, legislation, organization, resolution, state, law"
Topic_7,1927,Shared,"native, industrial, report, question, work, labor, international, law, agricultural, economic, worker, organization, deal, enquiry, trade"
Topic_7,1927,COHA,"report, native, industrial, question, work, labor, law, international, economic, state, deal, organization, worker, government, agricultural"
Topic_7,1927,HBR,"industrial, report, question, work, native, labor, economic, organization, law, deal, international, system, trade, worker, government"
Topic_7,1927,ILR,"native, report, industrial, enquiry, agricultural, question, labor, international, work, deal, german, conference, organization, law, worker"
Topic_7,1932,Shared,"labor, work, worker, agricultural, international, country, report, economic, industrial, unemployment, insurance, government, condition, state, wage"
Topic_7,1932,COHA,"labor, work, worker, international, country, agricultural, economic, government, report, state, industrial, conference, condition, national, insurance"
Topic_7,1932,HBR,"labor, work, worker, economic, international, country, agricultural, report, industrial, government, state, condition, industry, conference, deal"
Topic_7,1932,ILR,"labor, agricultural, worker, international, work, conference, report, industrial, economic, country, condition, unemployment, insurance, deal, land"
Topic_7,1937,Shared,"work, social, report, labor, economic, industry, organization, year, system, country, employment, question, trade, office, international"
Topic_7,1937,COHA,"work, social, report, economic, labor, organization, year, industry, country, state, system, office, question, law, trade"
Topic_7,1937,HBR,"work, social, report, economic, organization, industry, labor, year, system, question, country, trade, law, state, union"
Topic_7,1937,ILR,"social, work, labor, report, organization, economic, international, industry, employment, conference, country, trade, land, worker, office"
Topic_7,1942,Shared,"labor, international, government, worker, work, reconstruction, industry, service, industrial, measure, provide, cooperative, training, employment, council"
Topic_7,1942,COHA,"labor, government, international, work, worker, reconstruction, industrial, service, industry, national, council, measure, cooperative, provide, economic"
Topic_7,1942,HBR,"labor, government, international, work, worker, industry, industrial, service, measure, provide, cooperative, reconstruction, economic, training, regard"
Topic_7,1942,ILR,"labor, reconstruction, international, worker, government, cooperative, industrial, council, work, measure, training, provide, regard, social, employment"
Topic_7,1947,Shared,"labor, international, work, worker, country, government, report, social, conference, economic, union, wage, employment, industry, condition"
Topic_7,1947,COHA,"labor, international, work, government, worker, country, report, conference, social, union, economic, state, year, national, industry"
Topic_7,1947,HBR,"labor, work, international, government, worker, country, report, social, economic, union, conference, industry, year, service, condition"
Topic_7,1947,ILR,"international, labor, worker, work, country, government, social, conference, report, economic, union, condition, employment, industrial, wage"
Topic_7,1952,Shared,"country, labor, worker, work, social, international, economic, industry, government, trade, employment, number, year, national, condition"
Topic_7,1952,COHA,"country, labor, worker, work, government, social, economic, international, industry, trade, national, year, employment, policy, public"
Topic_7,1952,HBR,"country, labor, work, worker, economic, social, government, industry, international, trade, policy, year, national, increase, program"
Topic_7,1952,ILR,"country, labor, worker, work, social, international, economic, employment, trade, industry, government, training, condition, industrial, national"
Topic_7,1957,Shared,"work, country, labor, social, economic, worker, international, union, industry, government, employment, year, industrial, trade, productivity"
Topic_7,1957,COHA,"work, country, labor, economic, social, worker, government, year, union, international, industry, national, industrial, state, employment"
Topic_7,1957,HBR,"work, country, economic, labor, social, worker, government, program, industry, union, year, policy, job, productivity, industrial"
Topic_7,1957,ILR,"labor, country, social, work, economic, worker, international, employment, union, industrial, productivity, trade, technical, industry, government"
Topic_7,1962,Shared,"country, work, labor, worker, social, employment, economic, year, manpower, number, international, service, training, cent, union"
Topic_7,1962,COHA,"country, work, labor, social, worker, year, employment, economic, number, union, government, international, service, manpower, national"
Topic_7,1962,HBR,"work, country, social, labor, economic, year, worker, employment, development, service, manpower, training, government, plan, number"
Topic_7,1962,ILR,"country, labor, employment, social, worker, work, manpower, economic, international, training, rural, cent, development, wage, trade"
Topic_7,1967,Shared,"labor, social, economic, country, work, employment, manpower, education, worker, training, union, international, government, rural, sector"
Topic_7,1967,COHA,"labor, economic, social, country, work, education, employment, union, worker, manpower, government, training, international, organization, state"
Topic_7,1967,HBR,"economic, labor, social, work, country, education, training, organization, government, manpower, union, employment, service, worker, provide"
Topic_7,1967,ILR,"labor, social, economic, country, manpower, employment, training, education, worker, work, rural, sector, international, union, cent"
Topic_7,1972,Shared,"economic, development, country, sector, rural, policy, labor, increase, work, develop, level, job, training, program, study"
Topic_7,1972,COHA,"economic, country, development, policy, work, sector, labor, rural, increase, year, develop, job, level, program, training"
Topic_7,1972,HBR,"development, economic, country, policy, develop, sector, work, job, program, increase, level, system, labor, rural, study"
Topic_7,1972,ILR,"country, economic, rural, sector, development, labor, policy, level, increase, training, work, urban, develop, worker, job"
Topic_7,1977,Shared,"labor, development, develop, sector, economic, rural, social, country, employment, work, policy, job, training, international, level"
Topic_7,1977,COHA,"labor, development, economic, develop, work, country, social, policy, job, sector, rural, employment, international, training, study"
Topic_7,1977,HBR,"development, develop, labor, job, economic, sector, policy, work, social, study, level, country, growth, training, rural"
Topic_7,1977,ILR,"labor, rural, sector, development, economic, employment, social, country, develop, training, international, urban, policy, worker, job"
Topic_7,1982,Shared,"work, labor, employment, worker, international, economic, country, woman, industrial, government, policy, provide, industry, social, wage"
Topic_7,1982,COHA,"work, labor, employment, worker, government, economic, international, country, woman, industrial, policy, provide, industry, service, social"
Topic_7,1982,HBR,"work, labor, employment, economic, government, worker, policy, international, industrial, provide, country, system, woman, service, industry"
Topic_7,1982,ILR,"labor, employment, work, worker, international, economic, country, policy, woman, industrial, social, sector, provide, enterprise, relation"
Topic_7,1987,Shared,"labor, work, worker, training, country, wage, woman, service, employment, policy, union, rate, employee, provide, social"
Topic_7,1987,COHA,"labor, work, worker, training, country, service, policy, woman, wage, union, employment, year, rate, employee, provide"
Topic_7,1987,HBR,"work, labor, training, worker, policy, country, service, woman, employee, market, union, provide, job, year, employment"
Topic_7,1987,ILR,"labor, training, worker, country, work, policy, employment, woman, wage, sector, union, social, economic, international, service"
Topic_7,1992,Shared,"work, labor, worker, employment, enterprise, country, job, market, public, economic, increase, year, level, rate, service"
Topic_7,1992,COHA,"work, labor, worker, country, public, enterprise, year, employment, job, market, economic, increase, level, service, policy"
Topic_7,1992,HBR,"work, market, enterprise, job, labor, worker, country, public, year, economic, employment, increase, level, policy, service"
Topic_7,1992,ILR,"labor, enterprise, work, employment, worker, country, job, economic, market, policy, level, increase, growth, social, economy"
Topic_7,1997,Shared,"work, enterprise, human, labor, worker, job, social, year, public, income, policy, government, man, issue, state"
Topic_7,1997,COHA,"work, human, year, enterprise, public, labor, government, man, state, job, worker, social, policy, issue, people"
Topic_7,1997,HBR,"work, human, enterprise, job, year, labor, public, government, policy, worker, change, issue, social, people, man"
Topic_7,1997,ILR,"enterprise, labor, work, sector, worker, job, social, human, policy, income, economy, country, economic, employment, international"
Topic_7,2002,Shared,"labor, country, work, international, employment, worker, woman, social, income, cent, job, policy, economic, trade, union"
Topic_7,2002,COHA,"labor, country, work, international, employment, worker, woman, social, income, job, policy, cent, economic, trade, union"
Topic_7,2002,HBR,"work, labor, country, international, job, worker, employment, woman, policy, income, social, economic, market, level, cent"
Topic_7,2002,ILR,"labor, country, employment, international, work, worker, social, income, policy, job, cent, economic, woman, level, trade"
Topic_7,2007,Shared,"work, policy, country, labor, job, rate, market, firm, change, public, year, level, pay, industry, service"
Topic_7,2007,COHA,"work, policy, country, public, year, job, change, market, rate, labor, firm, industry, state, pay, level"
Topic_7,2007,HBR,"work, policy, market, change, job, firm, country, year, public, rate, industry, level, labor, pay, service"
Topic_7,2007,ILR,"work, labor, policy, country, job, level, market, employment, firm, rate, worker, change, economic, social, pay"
Topic_7,2012,Shared,"employment, work, worker, policy, standard, model, article, increase, job, social, country, law, level, effect, pay"
Topic_7,2012,COHA,"work, employment, policy, worker, standard, job, law, article, model, country, increase, social, pay, effect, case"
Topic_7,2012,HBR,"work, policy, employment, worker, standard, model, job, increase, article, level, result, country, provide, social, effect"
Topic_7,2012,ILR,"employment, worker, policy, work, standard, model, country, social, job, labor, sector, level, effect, article, increase"
Topic_7,2017,Shared,"work, worker, employee, firm, country, labor, job, violation, employment, difference, service, social, export, outcome, increase"
Topic_7,2017,COHA,"work, worker, employee, country, firm, labor, job, service, difference, employment, violation, social, pay, export, increase"
Topic_7,2017,HBR,"work, employee, firm, job, worker, country, service, labor, difference, employment, social, increase, change, outcome, study"
Topic_7,2017,ILR,"work, labor, worker, country, employment, job, firm, social, violation, employee, difference, workplace, export, outcome, cent"
Topic_8,1922,Shared,"store, price, company, stock, cost, sale, product, profit, sell, result, purchase, operation, year, method, show"
Topic_8,1922,COHA,"store, price, company, stock, cost, sale, product, sell, profit, result, purchase, year, operation, show, man"
Topic_8,1922,HBR,"store, company, price, stock, sale, cost, product, sell, profit, purchase, manufacturer, market, operation, result, line"
Topic_8,1922,ILR,"price, cost, store, company, result, stock, industry, method, product, sale, increase, production, show, operation, year"
Topic_8,1927,Shared,"price, cost, sale, company, year, increase, production, case, period, department, rate, change, total, work, public"
Topic_8,1927,COHA,"price, cost, sale, year, company, increase, production, case, department, period, rate, change, public, man, total"
Topic_8,1927,HBR,"price, sale, company, cost, increase, corporation, production, rate, year, period, department, capital, case, change, total"
Topic_8,1927,ILR,"price, cost, increase, production, year, period, case, sale, rate, industry, work, company, total, change, system"
Topic_8,1932,Shared,"price, expense, increase, rate, show, method, capital, deposit, result, sheet, total, volume, change, cost, industry"
Topic_8,1932,COHA,"price, expense, rate, increase, show, method, capital, result, cost, total, change, industry, volume, demand, company"
Topic_8,1932,HBR,"price, expense, sheet, deposit, rate, purchase, dividend, increase, company, method, capital, volume, show, cost, bank"
Topic_8,1932,ILR,"price, increase, rate, show, industry, method, result, expense, total, change, work, demand, cost, capital, production"
Topic_8,1937,Shared,"price, cost, capital, increase, company, market, rate, demand, bank, product, production, small, year, result, purchase"
Topic_8,1937,COHA,"price, cost, capital, company, increase, market, rate, bank, demand, small, year, product, production, result, sale"
Topic_8,1937,HBR,"price, cost, company, capital, sale, bank, purchase, market, product, increase, rate, demand, stock, small, production"
Topic_8,1937,ILR,"price, cost, increase, capital, rate, demand, market, production, industry, company, result, income, year, bank, product"
Topic_8,1942,Shared,"industry, control, increase, year, period, saving, low, work, price, cost, result, individual, government, tax, man"
Topic_8,1942,COHA,"industry, control, year, increase, period, saving, price, man, government, work, low, cost, tax, result, individual"
Topic_8,1942,HBR,"price, saving, control, purchase, industry, cost, profit, tax, increase, company, period, management, low, volume, commodity"
Topic_8,1942,ILR,"industry, increase, period, work, year, control, price, cost, result, low, effect, saving, supply, method, government"
Topic_8,1947,Shared,"profit, sale, management, company, dead, capital, cost, price, method, program, market, bank, year, end, individual"
Topic_8,1947,COHA,"profit, sale, company, management, dead, capital, cost, price, program, year, method, end, market, bank, film"
Topic_8,1947,HBR,"profit, sale, dead, company, price, management, cost, capital, conrad, bank, method, exam, sell, corporation, bead"
Topic_8,1947,ILR,"profit, cost, price, management, sale, capital, year, method, company, increase, program, industry, market, result, group"
Topic_8,1952,Shared,"management, price, company, cost, stock, production, job, market, increase, plan, change, equipment, work, result, industry"
Topic_8,1952,COHA,"management, price, company, cost, stock, production, job, market, plan, change, increase, equipment, work, result, industry"
Topic_8,1952,HBR,"management, price, company, stock, cost, product, market, equipment, production, sale, investment, plan, change, increase, operation"
Topic_8,1952,ILR,"management, price, cost, production, increase, work, industry, job, company, change, market, plan, result, low, level"
Topic_8,1957,Shared,"cost, management, method, investment, profit, man, increase, company, sale, result, year, production, price, small, change"
Topic_8,1957,COHA,"cost, management, method, man, profit, investment, company, increase, sale, year, result, price, small, production, change"
Topic_8,1957,HBR,"cost, management, profit, sale, company, investment, method, price, increase, result, man, production, dividend, purchase, market"
Topic_8,1957,ILR,"cost, method, increase, management, investment, man, result, production, year, profit, work, policy, price, change, small"
Topic_8,1962,Shared,"company, management, product, market, cost, system, approach, manager, control, change, investment, division, profit, engineer, program"
Topic_8,1962,COHA,"company, management, product, market, cost, system, manager, approach, control, change, investment, division, price, profit, program"
Topic_8,1962,HBR,"company, management, product, cost, market, manager, profit, investment, price, approach, division, sale, control, sell, stock"
Topic_8,1962,ILR,"company, management, market, cost, product, system, work, change, approach, production, job, control, investment, increase, program"
Topic_8,1967,Shared,"management, cost, company, decision, project, investment, change, product, system, manager, develop, plan, organization, concept, analysis"
Topic_8,1967,COHA,"management, cost, company, decision, change, project, system, investment, product, manager, plan, develop, organization, program, job"
Topic_8,1967,HBR,"management, company, cost, product, manager, investment, sale, decision, change, corporation, profit, project, executive, system, computer"
Topic_8,1967,ILR,"management, cost, change, system, develop, project, decision, investment, development, plan, organization, work, job, increase, company"
Topic_8,1972,Shared,"management, company, market, cost, product, price, year, sale, profit, work, employee, consumer, result, system, manager"
Topic_8,1972,COHA,"company, management, market, cost, product, year, price, sale, profit, work, employee, consumer, system, result, group"
Topic_8,1972,HBR,"company, management, product, market, sale, cost, profit, price, manager, marketing, consumer, corporation, control, advertising, year"
Topic_8,1972,ILR,"management, market, cost, company, year, product, price, work, employee, result, system, group, job, sale, change"
Topic_8,1977,Shared,"company, manager, product, market, cost, management, price, sale, change, strategy, corporate, profit, investment, capital, executive"
Topic_8,1977,COHA,"company, manager, product, market, cost, management, price, sale, change, strategy, corporate, profit, investment, capital, executive"
Topic_8,1977,HBR,"company, manager, product, market, cost, sale, management, corporate, price, profit, strategy, investment, marketing, change, corporation"
Topic_8,1977,ILR,"company, product, manager, market, cost, change, management, price, strategy, system, develop, investment, capital, sale, process"
Topic_8,1982,Shared,"strategy, company, manager, product, technology, management, computer, cost, customer, process, market, corporate, organizational, japanese, performance"
Topic_8,1982,COHA,"strategy, company, manager, product, technology, management, computer, cost, customer, market, process, corporate, japanese, performance, marketing"
Topic_8,1982,HBR,"company, manager, strategy, product, management, technology, cost, customer, computer, market, process, corporate, marketing, competitive, inventory"
Topic_8,1982,ILR,"strategy, company, technology, manager, product, management, cost, market, process, computer, system, customer, organization, performance, financial"
Topic_8,1987,Shared,"company, manager, market, product, management, cost, performance, people, marketing, information, change, technology, corporate, process, project"
Topic_8,1987,COHA,"company, manager, market, product, management, cost, performance, people, information, marketing, change, corporate, technology, process, project"
Topic_8,1987,HBR,"company, manager, product, market, management, cost, performance, marketing, corporate, change, information, process, technology, share, supplier"
Topic_8,1987,ILR,"company, market, management, manager, product, cost, change, performance, information, system, program, job, people, process, project"
Topic_8,1992,Shared,"company, supplier, market, manager, process, manage, product, develop, create, change, competitive, share, competitor, vision, management"
Topic_8,1992,COHA,"company, supplier, market, manager, process, manage, vision, competitive, product, create, share, change, competitor, develop, management"
Topic_8,1992,HBR,"company, supplier, manager, product, market, competitor, competitive, manage, customer, process, sale, create, management, share, change"
Topic_8,1992,ILR,"company, market, supplier, develop, change, process, system, share, create, management, product, manager, cost, group, result"
Topic_8,1997,Shared,"customer, company, manager, process, create, organization, market, management, service, opportunity, people, information, learn, team, system"
Topic_8,1997,COHA,"customer, company, manager, process, create, organization, people, market, service, management, team, opportunity, learn, information, system"
Topic_8,1997,HBR,"customer, company, manager, process, create, market, organization, management, product, service, information, change, learn, opportunity, system"
Topic_8,1997,ILR,"customer, company, manager, organization, process, create, market, service, management, work, opportunity, system, information, change, relationship"
Topic_8,2002,Shared,"company, customer, product, sale, manager, management, executive, corporate, strategy, process, performance, cost, sell, brand, technology"
Topic_8,2002,COHA,"company, customer, product, sale, manager, executive, management, corporate, strategy, sell, performance, process, cost, brand, team"
Topic_8,2002,HBR,"company, customer, product, sale, manager, management, executive, corporate, sell, cost, brand, strategy, process, performance, market"
Topic_8,2002,ILR,"company, customer, product, sale, management, manager, executive, cost, corporate, process, strategy, market, performance, change, sell"
Topic_8,2007,Shared,"company, customer, product, manager, market, executive, leader, management, innovation, create, consumer, develop, firm, brand, process"
Topic_8,2007,COHA,"company, customer, product, manager, market, executive, leader, management, innovation, create, consumer, develop, firm, brand, cost"
Topic_8,2007,HBR,"company, customer, product, manager, executive, market, innovation, leader, brand, create, management, sale, consumer, sell, chain"
Topic_8,2007,ILR,"company, customer, product, manager, market, executive, leader, management, create, innovation, develop, firm, cost, employee, change"
Topic_8,2012,Shared,"company, market, work, change, leader, group, people, cost, organization, firm, process, system, manager, decision, product"
Topic_8,2012,COHA,"company, market, work, change, people, leader, group, cost, organization, firm, process, system, year, decision, manager"
Topic_8,2012,HBR,"company, market, product, manager, change, leader, cost, sale, process, firm, create, group, offer, organization, work"
Topic_8,2012,ILR,"company, market, work, change, group, cost, organization, leader, firm, people, system, process, decision, product, offer"
Topic_8,2017,Shared,"company, year, employee, work, people, change, strategy, group, technology, show, firm, customer, build, process, service"
Topic_8,2017,COHA,"company, year, employee, people, work, change, group, strategy, show, technology, firm, customer, build, process, service"
Topic_8,2017,HBR,"company, employee, customer, strategy, year, change, technology, product, work, firm, people, manager, process, group, build"
Topic_8,2017,ILR,"company, year, employee, work, change, people, group, strategy, technology, firm, show, service, process, customer, build"
Topic_9,1922,Shared,"decree, respect, order, die, royal, amend, regulation, stat, secret, act, record, fiber, minister, lad, lung"
Topic_9,1922,COHA,"respect, decree, order, die, royal, regulation, record, act, amend, secret, minister, stat, fiber, section, legislative"
Topic_9,1922,HBR,"respect, order, decree, regulation, die, act, record, royal, amend, secret, stat, section, minister, region, fiber"
Topic_9,1922,ILR,"decree, respect, die, royal, order, amend, stat, regulation, secret, act, fiber, lung, lad, minister, record"
Topic_9,1927,Shared,"respect, order, decree, act, regulation, amend, secret, royal, section, official, die, rule, assent, stat, legislative"
Topic_9,1927,COHA,"respect, order, act, regulation, decree, official, section, secret, royal, amend, die, rule, minister, legislative, public"
Topic_9,1927,HBR,"respect, order, act, regulation, decree, section, official, amend, rule, secret, royal, die, legislative, insurance, public"
Topic_9,1927,ILR,"respect, decree, act, order, regulation, secret, amend, royal, official, section, die, assent, stat, rule, minister"
Topic_9,1932,Shared,"respect, decree, act, die, order, amend, official, regulation, secret, assent, section, stat, fiber, royal, pact"
Topic_9,1932,COHA,"respect, act, order, decree, die, official, secret, amend, regulation, section, fiber, assent, royal, record, stat"
Topic_9,1932,HBR,"respect, act, order, decree, die, official, regulation, amend, section, secret, assent, fiber, rule, record, stat"
Topic_9,1932,ILR,"respect, decree, act, die, amend, order, secret, regulation, official, assent, stat, fiber, royal, section, pact"
Topic_9,1937,Shared,"rearmament, munition, broadcasting, pea, reorganization, production, company, policy, power, industry, system, demand, title, shipbuilding, cost"
Topic_9,1937,COHA,"rearmament, broadcasting, power, company, policy, munition, production, system, industry, demand, pea, title, year, reorganization, result"
Topic_9,1937,HBR,"rearmament, munition, company, broadcasting, pea, production, reorganization, policy, demand, system, cost, industry, produce, peacetime, result"
Topic_9,1937,ILR,"rearmament, munition, pea, broadcasting, reorganization, title, reich, shipbuilding, industry, policy, equilibrium, production, system, country, peacetime"
Topic_9,1942,Shared,"year, work, man, industry, public, production, postwar, state, war, service, policy, case, peace, report, place"
Topic_9,1942,COHA,"year, work, man, public, industry, war, state, production, peace, place, postwar, policy, government, service, case"
Topic_9,1942,HBR,"work, year, production, industry, man, policy, development, plan, public, service, postwar, cost, economic, report, change"
Topic_9,1942,ILR,"work, year, industry, production, economic, development, public, policy, man, country, postwar, service, report, plan, industrial"
Topic_9,1947,Shared,"industry, year, country, economic, training, plan, service, work, development, program, production, increase, study, public, labor"
Topic_9,1947,COHA,"year, industry, country, economic, plan, training, service, work, program, state, development, public, production, study, increase"
Topic_9,1947,HBR,"program, plan, training, industry, development, economic, service, year, country, work, study, organization, production, system, increase"
Topic_9,1947,ILR,"training, economic, development, industry, country, plan, program, study, service, work, production, organization, year, social, labor"
Topic_9,1952,Shared,"development, work, automation, group, method, technical, economic, increase, industrial, technique, result, study, union, year, change"
Topic_9,1952,COHA,"work, development, group, automation, year, economic, method, technical, field, increase, industrial, union, result, change, study"
Topic_9,1952,HBR,"development, research, work, technique, group, job, automation, change, technical, study, project, economic, result, management, develop"
Topic_9,1952,ILR,"development, technical, automation, economic, work, technique, training, study, method, group, research, productivity, industrial, increase, job"
Topic_9,1957,Shared,"development, personnel, capital, technique, research, work, study, company, cost, change, plan, system, project, method, group"
Topic_9,1957,COHA,"development, personnel, capital, work, research, technique, company, study, cost, change, plan, system, group, project, economic"
Topic_9,1957,HBR,"development, research, company, technique, personnel, project, capital, change, system, management, study, develop, plan, organization, planning"
Topic_9,1957,ILR,"development, personnel, technique, study, research, economic, project, capital, work, develop, plan, change, planning, organization, system"
Topic_9,1962,Shared,"planning, level, training, program, develop, development, skill, research, growth, automation, work, economic, resource, plan, technical"
Topic_9,1962,COHA,"planning, program, level, training, development, develop, research, work, economic, skill, plan, growth, human, automation, year"
Topic_9,1962,HBR,"planning, research, program, develop, skill, level, development, management, growth, plan, resource, organization, training, company, process"
Topic_9,1962,ILR,"training, planning, development, level, develop, program, skill, economic, growth, automation, technical, resource, research, plan, country"
Topic_9,1967,Shared,"development, plan, planning, program, change, system, study, level, work, organization, economic, growth, policy, group, develop"
Topic_9,1967,COHA,"development, plan, program, planning, system, change, work, study, economic, organization, policy, level, group, growth, year"
Topic_9,1967,HBR,"development, planning, plan, program, system, organization, management, change, company, growth, develop, study, objective, skill, level"
Topic_9,1967,ILR,"development, planning, plan, program, growth, level, economic, study, change, develop, skill, policy, system, organization, objective"
Topic_9,1972,Shared,"development, growth, develop, planning, program, sector, model, organization, change, structure, technique, economic, job, provide, activity"
Topic_9,1972,COHA,"development, growth, develop, program, planning, change, organization, model, job, economic, structure, sector, work, provide, policy"
Topic_9,1972,HBR,"development, develop, growth, planning, organization, company, program, model, change, process, strategy, technique, structure, objective, opportunity"
Topic_9,1972,ILR,"development, growth, develop, sector, structure, program, planning, model, economic, job, enterprise, economy, change, activity, technique"
Topic_9,1977,Shared,"basic, growth, project, program, planning, level, approach, management, plan, change, market, company, resource, production, cost"
Topic_9,1977,COHA,"program, basic, project, growth, planning, level, approach, plan, management, change, company, market, production, cost, work"
Topic_9,1977,HBR,"project, growth, planning, program, management, approach, company, basic, level, plan, market, resource, change, objective, design"
Topic_9,1977,ILR,"growth, project, program, basic, level, planning, approach, resource, policy, production, change, economic, sector, technological, market"
Topic_9,1982,Shared,"program, project, development, develop, market, cost, change, planning, work, resource, growth, company, technology, system, management"
Topic_9,1982,COHA,"program, project, development, market, develop, work, change, cost, company, system, planning, research, management, technology, growth"
Topic_9,1982,HBR,"project, program, development, develop, technology, company, management, market, planning, resource, research, approach, change, system, cost"
Topic_9,1982,ILR,"development, program, project, develop, growth, resource, market, technology, planning, training, level, approach, change, research, skill"
Topic_9,1987,Shared,"system, market, development, change, develop, design, production, firm, work, cost, management, company, training, organization, project"
Topic_9,1987,COHA,"system, market, development, change, work, production, firm, design, company, develop, cost, year, management, people, small"
Topic_9,1987,HBR,"system, company, market, management, design, development, develop, change, technology, project, organization, cost, approach, firm, process"
Topic_9,1987,ILR,"system, development, develop, market, training, firm, economy, production, enterprise, change, project, design, level, approach, technology"
Topic_9,1992,Shared,"system, development, process, growth, organization, resource, skill, management, develop, change, work, performance, market, activity, provide"
Topic_9,1992,COHA,"system, development, process, organization, growth, management, resource, work, change, skill, develop, performance, information, market, program"
Topic_9,1992,HBR,"process, system, development, organization, management, resource, growth, company, performance, develop, product, skill, change, design, approach"
Topic_9,1992,ILR,"development, growth, system, skill, resource, process, develop, organization, sector, approach, activity, market, model, change, management"
Topic_9,1997,Shared,"market, change, job, company, work, development, information, growth, system, cost, economy, industry, research, process, level"
Topic_9,1997,COHA,"market, change, company, job, work, information, system, development, people, research, industry, year, growth, cost, process"
Topic_9,1997,HBR,"market, company, change, process, information, management, development, system, growth, research, job, cost, manager, product, develop"
Topic_9,1997,ILR,"market, job, growth, economy, development, change, level, skill, develop, work, research, system, activity, process, relationship"
Topic_9,2002,Shared,"market, firm, company, work, cost, change, growth, information, process, base, group, level, develop, capital, system"
Topic_9,2002,COHA,"market, work, company, firm, cost, year, change, information, group, people, system, growth, process, return, base"
Topic_9,2002,HBR,"company, market, firm, cost, process, growth, change, develop, information, work, strategy, organization, product, management, project"
Topic_9,2002,ILR,"market, firm, growth, level, develop, global, work, job, cost, change, low, company, capital, process, base"
Topic_9,2007,Shared,"global, model, focus, strategy, process, develop, informal, company, crisis, research, performance, impact, approach, challenge, regulatory"
Topic_9,2007,COHA,"global, model, strategy, process, focus, company, develop, crisis, research, performance, work, informal, financial, manager, management"
Topic_9,2007,HBR,"strategy, global, company, process, model, focus, develop, performance, research, manager, management, create, product, approach, financial"
Topic_9,2007,ILR,"global, model, informal, focus, develop, impact, crisis, sector, process, framework, strategy, compliance, regulatory, research, access"
Topic_9,2012,Shared,"growth, firm, market, work, change, share, investment, develop, task, company, job, global, result, impact, financial"
Topic_9,2012,COHA,"growth, firm, market, work, change, year, share, company, job, lead, task, result, investment, develop, research"
Topic_9,2012,HBR,"growth, firm, market, company, work, change, share, develop, investment, task, organization, financial, research, lead, employee"
Topic_9,2012,ILR,"growth, firm, market, impact, job, global, work, economy, level, share, develop, investment, sector, change, approach"
Topic_9,2017,Shared,"global, gender, firm, chain, market, identify, impact, focus, initiative, innovation, pic, company, model, address, governance"
Topic_9,2017,COHA,"firm, global, market, chain, company, gender, impact, identify, address, focus, initiative, work, process, model, job"
Topic_9,2017,HBR,"company, firm, global, market, identify, focus, chain, innovation, process, initiative, customer, impact, create, potential, model"
Topic_9,2017,ILR,"gender, firm, global, impact, market, chain, identify, pic, model, initiative, focus, governance, job, access, dimension"
Topic_10,1922,Shared,"sale, stock, sell, bond, bank, department, company, buy, motive, command, expense, price, merchandise, method, manufacturer"
Topic_10,1922,COHA,"sale, stock, sell, bond, department, bank, company, buy, man, price, command, motive, line, expense, case"
Topic_10,1922,HBR,"sale, sell, stock, bond, bank, company, buy, motive, command, department, merchandise, retailer, manufacturer, conrad, shoe"
Topic_10,1922,ILR,"sale, stock, sell, department, bank, bond, company, case, man, buy, method, price, motive, expense, interest"
Topic_10,1927,Shared,"price, stock, store, company, purchase, investment, expense, chain, product, cost, capital, production, rate, industry, sell"
Topic_10,1927,COHA,"price, stock, company, store, purchase, investment, expense, cost, product, chain, capital, control, production, plan, sell"
Topic_10,1927,HBR,"store, company, stock, purchase, price, chain, expense, sell, product, manufacturer, investment, corporation, cost, capital, buy"
Topic_10,1927,ILR,"price, company, stock, store, purchase, industry, cost, investment, production, expense, capital, product, rate, result, demand"
Topic_10,1932,Shared,"company, price, store, stock, sale, market, rate, man, year, cost, profit, group, product, security, case"
Topic_10,1932,COHA,"company, price, stock, store, man, sale, year, market, rate, cost, group, profit, case, order, power"
Topic_10,1932,HBR,"company, store, sale, stock, price, market, profit, product, cost, rate, man, order, group, bank, security"
Topic_10,1932,ILR,"company, price, year, market, rate, man, store, stock, sale, group, cost, case, order, security, result"
Topic_10,1937,Shared,"company, cost, control, sale, executive, market, management, man, consumer, year, product, change, tax, department, material"
Topic_10,1937,COHA,"company, control, cost, man, sale, executive, year, market, management, department, tax, consumer, power, product, change"
Topic_10,1937,HBR,"company, sale, executive, control, cost, management, consumer, product, market, sell, profit, material, change, tax, department"
Topic_10,1937,ILR,"company, cost, control, market, man, year, sale, executive, management, change, consumer, work, production, group, department"
Topic_10,1942,Shared,"material, sale, company, cost, management, man, price, rate, year, small, industry, production, change, control, result"
Topic_10,1942,COHA,"material, sale, company, man, cost, price, year, management, small, rate, industry, production, control, change, plant"
Topic_10,1942,HBR,"sale, company, management, material, cost, executive, price, plant, dollar, sell, control, man, advertising, product, small"
Topic_10,1942,ILR,"material, sale, cost, company, man, management, year, industry, rate, price, production, small, result, change, case"
Topic_10,1947,Shared,"company, product, management, tax, cost, plan, stock, price, man, control, executive, ton, market, job, year"
Topic_10,1947,COHA,"company, product, tax, man, management, stock, plan, cost, price, control, year, executive, ton, market, job"
Topic_10,1947,HBR,"company, product, management, executive, stock, tax, cost, plan, man, control, price, sell, inventory, ton, command"
Topic_10,1947,ILR,"company, product, management, cost, plan, tax, man, price, stock, year, control, job, industry, market, executive"
Topic_10,1952,Shared,"executive, company, product, sale, man, department, plan, line, control, profit, manager, management, important, capital, operation"
Topic_10,1952,COHA,"executive, company, man, product, sale, department, line, plan, control, profit, important, manager, management, people, stock"
Topic_10,1952,HBR,"executive, company, product, sale, man, management, manager, department, profit, plan, line, control, decision, sell, operation"
Topic_10,1952,ILR,"executive, company, man, product, sale, plan, department, control, line, important, management, profit, operation, capital, development"
Topic_10,1957,Shared,"company, executive, product, management, manager, decision, market, sale, cost, change, research, profit, year, group, line"
Topic_10,1957,COHA,"company, executive, product, management, manager, decision, market, year, change, cost, sale, research, line, people, group"
Topic_10,1957,HBR,"company, executive, product, management, manager, decision, sale, research, top, market, page, profit, store, change, line"
Topic_10,1957,ILR,"company, executive, product, management, manager, decision, market, change, year, cost, research, group, sale, system, result"
Topic_10,1962,Shared,"company, management, product, executive, sale, cost, market, manager, system, research, top, change, plan, price, control"
Topic_10,1962,COHA,"company, management, product, executive, sale, cost, market, manager, top, system, man, control, research, plan, small"
Topic_10,1962,HBR,"company, management, product, executive, sale, manager, top, marketing, cost, market, research, profit, system, control, subordinate"
Topic_10,1962,ILR,"company, management, product, cost, executive, market, system, sale, change, plan, research, manager, result, control, man"
Topic_10,1967,Shared,"company, sale, management, cost, market, executive, product, system, corporation, manager, change, organization, profit, control, marketing"
Topic_10,1967,COHA,"company, sale, management, cost, market, executive, product, system, control, change, corporation, organization, manager, program, profit"
Topic_10,1967,HBR,"company, management, sale, executive, manager, product, marketing, corporation, command, market, cost, profit, organization, system, control"
Topic_10,1967,ILR,"company, management, sale, cost, system, market, organization, change, product, program, executive, plan, control, year, question"
Topic_10,1972,Shared,"company, management, manager, executive, product, decision, corporate, change, organization, director, bank, sale, cost, market, control"
Topic_10,1972,COHA,"company, management, manager, executive, product, decision, director, change, corporate, bank, organization, sale, cost, control, market"
Topic_10,1972,HBR,"company, manager, management, executive, product, corporate, decision, director, organization, sale, top, customer, change, corporation, bank"
Topic_10,1972,ILR,"company, management, manager, executive, decision, product, organization, change, cost, corporate, director, work, bank, market, control"
Topic_10,1977,Shared,"company, management, corporate, director, executive, product, system, command, organization, market, cost, decision, change, control, process"
Topic_10,1977,COHA,"company, director, management, corporate, executive, product, command, system, organization, market, year, control, decision, cost, change"
Topic_10,1977,HBR,"company, corporate, director, executive, management, command, product, organization, system, decision, manage, corporation, conrad, strategy, market"
Topic_10,1977,ILR,"company, management, director, corporate, system, executive, organization, product, market, command, decision, change, cost, process, work"
Topic_10,1982,Shared,"company, management, executive, market, organization, decision, system, manager, work, product, change, control, quality, important, people"
Topic_10,1982,COHA,"company, management, executive, market, organization, people, system, decision, control, manager, work, product, important, change, quality"
Topic_10,1982,HBR,"company, management, executive, manager, decision, organization, corporate, product, people, market, system, board, control, quality, manage"
Topic_10,1982,ILR,"company, management, organization, market, executive, system, decision, work, change, manager, control, important, product, quality, people"
Topic_10,1987,Shared,"company, product, customer, system, management, market, manager, change, cost, corporate, process, sale, people, design, work"
Topic_10,1987,COHA,"company, product, customer, system, management, market, manager, people, change, corporate, cost, sale, process, design, control"
Topic_10,1987,HBR,"company, customer, product, manager, corporate, management, people, system, learn, sale, market, executive, process, design, create"
Topic_10,1987,ILR,"company, product, system, management, customer, market, change, manager, cost, process, people, work, corporate, service, sale"
Topic_10,1992,Shared,"company, product, customer, team, manager, design, strategy, management, people, create, learn, corporate, change, market, focus"
Topic_10,1992,COHA,"company, team, product, customer, manager, people, design, strategy, management, learn, create, corporate, market, change, today"
Topic_10,1992,HBR,"company, customer, team, product, manager, strategy, learn, design, corporate, management, people, create, focus, senior, executive"
Topic_10,1992,ILR,"company, product, customer, team, manager, design, management, strategy, people, create, change, market, learn, corporate, job"
Topic_10,1997,Shared,"company, team, product, consumer, leader, manager, change, idea, market, store, people, year, executive, create, customer"
Topic_10,1997,COHA,"company, team, consumer, product, leader, people, idea, manager, store, change, year, market, executive, sell, start"
Topic_10,1997,HBR,"company, team, leader, product, manager, consumer, idea, customer, executive, store, create, people, sell, learn, marketing"
Topic_10,1997,ILR,"company, product, consumer, team, change, leader, market, manager, idea, year, people, develop, store, create, organization"
Topic_10,2002,Shared,"company, product, manager, management, decision, corporate, technology, team, executive, offer, research, strategy, challenge, focus, project"
Topic_10,2002,COHA,"company, team, product, manager, management, technology, corporate, executive, decision, people, offer, player, challenge, strategy, research"
Topic_10,2002,HBR,"company, manager, product, team, executive, corporate, management, decision, leader, technology, challenge, colleague, player, int, strategy"
Topic_10,2002,ILR,"company, product, management, manager, decision, technology, corporate, executive, team, research, offer, organization, change, project, process"
Topic_10,2007,Shared,"people, work, organization, year, technology, strategy, company, employee, innovation, challenge, information, team, service, change, project"
Topic_10,2007,COHA,"people, work, year, company, technology, strategy, organization, employee, team, challenge, innovation, information, top, big, move"
Topic_10,2007,HBR,"people, company, organization, work, strategy, innovation, team, idea, leadership, challenge, technology, executive, employee, year, move"
Topic_10,2007,ILR,"people, work, organization, year, employee, technology, company, strategy, information, innovation, service, change, challenge, project, team"
Topic_10,2012,Shared,"company, product, manager, customer, leader, people, executive, learn, sale, team, create, management, feel, offer, buy"
Topic_10,2012,COHA,"company, product, manager, people, leader, customer, executive, learn, team, sale, create, feel, management, buy, offer"
Topic_10,2012,HBR,"company, leader, product, manager, people, customer, team, learn, executive, create, feel, sale, idea, offer, culture"
Topic_10,2012,ILR,"company, product, manager, customer, leader, people, executive, learn, sale, create, management, team, offer, feel, cost"
Topic_10,2017,Shared,"people, team, company, work, experience, feel, customer, executive, learn, performance, leader, understand, change, research, create"
Topic_10,2017,COHA,"people, team, company, feel, work, experience, learn, customer, executive, leader, performance, understand, research, change, year"
Topic_10,2017,HBR,"people, team, company, leader, customer, learn, feel, work, executive, understand, experience, performance, leadership, create, research"
Topic_10,2017,ILR,"people, team, company, work, experience, feel, customer, executive, performance, learn, change, research, understand, leader, organization"
Topic_11,1922,Shared,"made, men, york, years, senator, brought, women, called, held, left, days, states, yesterday, ago, republican"
Topic_11,1922,COHA,"made, men, york, years, senator, brought, held, women, called, days, ago, yesterday, england, states, left"
Topic_11,1922,HBR,"made, men, york, years, senator, women, left, south, brought, states, called, yesterday, held, republican, days"
Topic_11,1922,ILR,"made, people, men, years, york, american, life, government, president, young, man, world, south, house, white"
Topic_11,1927,Shared,"men, years, made, york, president, ago, governor, business, women, hoover, america, chicago, manhattan, called, states"
Topic_11,1927,COHA,"men, made, years, york, ago, governor, hoover, president, chicago, women, manhattan, called, america, ten, states"
Topic_11,1927,HBR,"men, years, made, president, york, business, week, governor, house, american, ago, america, women, people, hoover"
Topic_11,1927,ILR,"week, people, president, house, american, business, war, man, life, men, home, years, put, made, governor"
Topic_11,1932,Shared,"made, men, york, years, senator, governor, roosevelt, house, france, banks, united, england, states, called, members"
Topic_11,1932,COHA,"made, men, york, senator, years, roosevelt, governor, france, banks, england, germany, called, held, united, states"
Topic_11,1932,HBR,"made, men, york, years, governor, senator, house, roosevelt, france, united, banks, states, england, germany, bill"
Topic_11,1932,ILR,"house, made, governor, bill, men, years, week, york, american, senator, british, city, war, white, found"
Topic_11,1937,Shared,"years, germany, president, states, made, british, york, business, army, men, back, air, german, washington, navy"
Topic_11,1937,COHA,"years, germany, states, made, men, york, british, president, army, washington, brought, navy, business, senator, back"
Topic_11,1937,HBR,"president, years, british, business, germany, states, army, air, german, made, york, week, american, men, man"
Topic_11,1937,ILR,"british, man, president, german, week, business, air, year, world, american, city, people, years, life, house"
Topic_11,1942,Shared,"made, united, men, states, york, british, years, president, enemy, back, left, days, told, german, members"
Topic_11,1942,COHA,"made, men, united, states, york, years, enemy, days, british, germans, left, germany, told, washington, members"
Topic_11,1942,HBR,"made, united, men, british, states, president, german, enemy, american, york, back, years, week, air, left"
Topic_11,1942,ILR,"british, german, week, made, american, president, united, war, air, men, states, city, enemy, night, world"
Topic_11,1947,Shared,"truman, made, states, years, men, army, communist, britain, united, british, york, told, times, days, east"
Topic_11,1947,COHA,"truman, made, states, men, britain, communist, years, army, united, communists, york, told, days, harry, russia"
Topic_11,1947,HBR,"truman, made, british, army, states, communist, years, men, united, britain, man, war, people, american, today"
Topic_11,1947,ILR,"british, man, truman, week, people, war, army, today, american, made, communist, big, states, western, water"
Topic_11,1952,Shared,"stevenson, republican, states, years, made, eisenhower, president, united, back, york, men, democratic, west, north, dulles"
Topic_11,1952,COHA,"eisenhower, republican, stevenson, states, made, years, united, men, dulles, york, called, told, asked, back, times"
Topic_11,1952,HBR,"republican, stevenson, states, president, years, made, eisenhower, back, democratic, united, today, world, big, house, york"
Topic_11,1952,ILR,"president, world, today, states, republican, democratic, years, house, people, big, stevenson, made, back, american, party"
Topic_11,1957,Shared,"years, made, united, states, york, men, communist, eisenhower, house, west, soviet, called, found, left, back"
Topic_11,1957,COHA,"years, united, made, states, men, york, communist, eisenhower, west, called, soviet, house, left, found, told"
Topic_11,1957,HBR,"years, united, house, made, state, states, communist, soviet, man, york, men, american, world, week, school"
Topic_11,1957,ILR,"state, house, man, years, week, united, school, world, soviet, year, made, american, communist, war, national"
Topic_11,1962,Shared,"kennedy, states, york, made, years, governor, senator, men, britain, mayor, south, yesterday, city, back, ago"
Topic_11,1962,COHA,"kennedy, york, states, made, years, senator, men, governor, britain, mayor, yesterday, asked, ago, john, gaulle"
Topic_11,1962,HBR,"kennedy, governor, states, york, made, city, years, senator, men, american, south, president, party, back, britain"
Topic_11,1962,ILR,"kennedy, city, governor, party, states, american, made, york, years, south, president, senator, house, men, today"
Topic_11,1967,Shared,"nixon, states, made, years, york, johnson, called, asked, days, vietnamese, left, back, senate, troops, united"
Topic_11,1967,COHA,"nixon, states, johnson, made, york, vietnamese, called, years, asked, troops, days, humphrey, kennedy, senate, leaders"
Topic_11,1967,HBR,"nixon, states, made, war, years, york, johnson, american, south, back, called, president, house, asked, united"
Topic_11,1967,ILR,"nixon, war, states, american, made, house, years, south, president, york, back, people, peace, johnson, soviet"
Topic_11,1972,Shared,"years, ford, made, president, york, back, house, city, men, american, states, white, week, police, asked"
Topic_11,1972,COHA,"years, ford, made, york, men, back, states, president, house, city, white, asked, american, told, called"
Topic_11,1972,HBR,"city, house, years, american, president, man, year, week, people, ford, white, back, world, state, made"
Topic_11,1972,ILR,"city, man, house, year, american, week, president, years, people, state, white, world, ford, back, money"
Topic_11,1977,Shared,"years, back, made, west, called, york, american, left, million, men, united, days, states, john, black"
Topic_11,1977,COHA,"years, made, back, called, west, york, left, days, john, told, men, states, women, united, million"
Topic_11,1977,HBR,"years, american, back, world, city, made, west, life, man, million, people, black, house, business, oil"
Topic_11,1977,ILR,"years, american, world, back, city, made, life, man, west, million, people, house, black, oil, year"
Topic_11,1982,Shared,"reagan, years, made, york, back, soviet, days, john, states, told, west, left, men, women, city"
Topic_11,1982,COHA,"reagan, years, made, york, days, john, told, back, began, states, left, women, asked, soviet, west"
Topic_11,1982,HBR,"reagan, years, soviet, people, back, made, city, york, american, life, house, states, home, world, president"
Topic_11,1982,ILR,"reagan, years, people, soviet, city, back, made, american, life, york, house, world, home, president, states"
Topic_11,1987,Shared,"bush, gorbachev, aids, iran, gulf, iraq, michael, jackson, en, saddam, species, richard, years, park, games"
Topic_11,1987,COHA,"bush, gorbachev, aids, iran, michael, gulf, iraq, jackson, saddam, en, species, kuwait, games, iraqi, richard"
Topic_11,1987,HBR,"bush, gorbachev, aids, iran, gulf, park, iraq, jackson, michael, en, years, richard, million, species, saddam"
Topic_11,1987,ILR,"bush, gorbachev, aids, iran, gulf, park, iraq, jackson, michael, en, years, richard, million, species, baker"
Topic_11,1992,Shared,"years, children, back, women, made, ago, york, called, washington, john, south, president, things, states, left"
Topic_11,1992,COHA,"children, years, women, back, ago, made, called, things, parents, john, including, washington, san, york, days"
Topic_11,1992,HBR,"years, back, children, women, president, made, south, people, million, city, ago, york, life, white, house"
Topic_11,1992,ILR,"years, children, back, women, made, president, south, ago, million, york, city, people, called, white, washington"
Topic_11,1997,Shared,"years, back, made, women, children, left, million, water, city, days, found, percent, men, minutes, times"
Topic_11,1997,COHA,"years, back, women, children, made, left, minutes, days, clinton, percent, including, million, called, kids, things"
Topic_11,1997,HBR,"years, back, city, made, water, people, million, life, women, children, left, big, world, percent, found"
Topic_11,1997,ILR,"years, back, made, women, city, children, million, water, left, life, people, found, percent, big, world"
Topic_11,2002,Shared,"cup, years, bush, back, minutes, makes, iraq, left, games, days, john, things, called, made, times"
Topic_11,2002,COHA,"cup, bush, iraq, years, minutes, makes, games, left, back, teaspoon, days, john, things, michael, called"
Topic_11,2002,HBR,"cup, years, back, bush, left, minutes, iraq, makes, season, games, days, john, coach, things, made"
Topic_11,2002,ILR,"cup, years, bush, back, minutes, left, makes, iraq, games, days, john, things, made, called, season"
Topic_11,2007,Shared,"cup, back, years, left, feet, music, things, including, kids, children, making, big, black, made, atlanta"
Topic_11,2007,COHA,"years, cup, back, left, things, including, feet, kids, children, made, atlanta, music, making, media, found"
Topic_11,2007,HBR,"big, back, cup, cut, black, game, years, life, music, lot, hard, top, left, million, add"
Topic_11,2007,ILR,"back, cup, years, big, left, music, black, game, cut, feet, making, million, things, children, including"
Topic_11,2012,Shared,"austin, percent, years, police, saturday, obama, back, stars, including, things, made, told, left, times, shot"
Topic_11,2012,COHA,"austin, obama, stars, saturday, including, percent, things, years, told, friday, shot, police, planet, left, times"
Topic_11,2012,HBR,"austin, percent, back, police, years, obama, game, black, saturday, stars, made, including, left, white, green"
Topic_11,2012,ILR,"austin, percent, police, back, years, saturday, obama, including, made, stars, left, things, told, times, black"
Topic_11,2017,Shared,"game, years, back, told, county, police, friday, including, things, left, children, saturday, tuesday, wrote, thursday"
Topic_11,2017,COHA,"game, friday, told, years, including, tuesday, county, back, police, thursday, games, things, saturday, wrote, left"
Topic_11,2017,HBR,"game, back, county, years, people, police, told, friday, including, left, university, things, school, children, news"
Topic_11,2017,ILR,"game, years, back, county, police, told, people, friday, including, left, things, children, saturday, times, wrote"
Topic_12,1922,Shared,"work, report, organization, industrial, trade, international, question, labor, worker, case, condition, factory, deal, industry, order"
Topic_12,1922,COHA,"work, report, organization, industrial, question, international, trade, labor, state, case, deal, worker, condition, order, hold"
Topic_12,1922,HBR,"organization, work, report, industrial, question, trade, international, labor, case, system, industry, condition, deal, hold, order"
Topic_12,1922,ILR,"organization, work, report, international, industrial, labor, question, trade, worker, deal, condition, legislation, state, social, principle"
Topic_12,1927,Shared,"labor, work, international, worker, social, organization, country, condition, economic, agricultural, industrial, question, legislation, conference, state"
Topic_12,1927,COHA,"labor, work, international, social, worker, organization, country, condition, state, economic, industrial, question, agricultural, conference, law"
Topic_12,1927,HBR,"labor, work, organization, international, social, worker, economic, condition, country, question, industrial, state, industry, trade, study"
Topic_12,1927,ILR,"labor, international, work, organization, social, worker, conference, condition, country, question, economic, industrial, agricultural, state, legislation"
Topic_12,1932,Shared,"labor, social, worker, work, condition, country, insurance, government, report, organization, state, international, employment, act, industrial"
Topic_12,1932,COHA,"labor, social, work, worker, government, state, country, condition, report, organization, committee, international, act, industrial, insurance"
Topic_12,1932,HBR,"social, labor, work, condition, worker, organization, government, country, state, report, industrial, question, international, act, order"
Topic_12,1932,ILR,"labor, social, worker, work, organization, condition, international, government, report, country, committee, state, industrial, question, conference"
Topic_12,1937,Shared,"industrial, labor, economic, government, year, work, country, international, worker, public, national, industry, condition, form, policy"
Topic_12,1937,COHA,"government, industrial, labor, economic, year, country, national, work, public, state, international, worker, man, policy, form"
Topic_12,1937,HBR,"economic, industrial, government, labor, work, year, country, policy, public, form, interest, international, national, industry, condition"
Topic_12,1937,ILR,"labor, industrial, international, economic, worker, government, work, country, condition, social, organize, national, state, trade, settlement"
Topic_12,1942,Shared,"labor, committee, social, international, organization, work, government, trade, worker, industry, country, industrial, condition, economic, representative"
Topic_12,1942,COHA,"committee, labor, government, international, social, organization, work, trade, worker, country, state, industrial, union, representative, industry"
Topic_12,1942,HBR,"labor, committee, organization, social, government, international, work, trade, industrial, economic, union, industry, worker, condition, country"
Topic_12,1942,ILR,"labor, committee, social, international, organization, government, worker, work, trade, industrial, representative, condition, conference, union, country"
Topic_12,1947,Shared,"organization, work, service, committee, government, industry, international, conference, labor, industrial, country, worker, year, report, office"
Topic_12,1947,COHA,"organization, committee, work, government, service, conference, international, year, industry, office, labor, country, industrial, session, report"
Topic_12,1947,HBR,"organization, work, service, government, industry, committee, industrial, international, labor, country, question, report, year, conference, economic"
Topic_12,1947,ILR,"organization, conference, committee, international, session, labor, work, worker, industrial, social, government, service, technical, country, report"
Topic_12,1952,Shared,"labor, social, work, international, country, government, economic, worker, union, industrial, industry, condition, report, trade, study"
Topic_12,1952,COHA,"government, labor, social, work, country, international, economic, union, worker, national, industrial, state, report, year, industry"
Topic_12,1952,HBR,"labor, social, government, work, country, economic, international, union, industrial, study, development, policy, industry, report, relation"
Topic_12,1952,ILR,"social, labor, international, work, country, government, worker, union, conference, economic, industrial, condition, concern, report, committee"
Topic_12,1957,Shared,"worker, labor, social, work, employment, union, international, trade, employer, economic, cooperative, industrial, condition, country, vocational"
Topic_12,1957,COHA,"worker, labor, social, work, union, international, employment, trade, economic, employer, country, industrial, cooperative, condition, state"
Topic_12,1957,HBR,"labor, worker, work, social, union, economic, trade, organization, industrial, international, industry, condition, cooperative, employment, country"
Topic_12,1957,ILR,"labor, worker, social, international, union, work, vocational, cooperative, employment, trade, employer, economic, industrial, conference, organization"
Topic_12,1962,Shared,"country, economic, union, labor, work, development, government, worker, industrial, trade, social, international, education, training, national"
Topic_12,1962,COHA,"country, union, economic, government, labor, work, development, state, industrial, national, trade, education, social, worker, international"
Topic_12,1962,HBR,"economic, union, country, development, government, work, labor, industrial, organization, trade, plan, policy, education, social, state"
Topic_12,1962,ILR,"union, labor, country, economic, social, international, worker, industrial, work, government, development, cooperative, trade, conference, organization"
Topic_12,1967,Shared,"labor, country, worker, employment, social, work, economic, development, international, training, trade, wage, policy, national, year"
Topic_12,1967,COHA,"labor, country, worker, social, employment, work, economic, international, development, national, training, year, trade, policy, government"
Topic_12,1967,HBR,"labor, country, work, economic, social, development, worker, employment, develop, policy, training, year, study, international, national"
Topic_12,1967,ILR,"labor, social, worker, country, international, employment, economic, work, development, training, trade, national, union, deal, government"
Topic_12,1972,Shared,"labor, country, social, worker, international, economic, work, population, income, service, policy, trade, employment, effect, wage"
Topic_12,1972,COHA,"labor, country, social, worker, international, work, economic, population, service, policy, income, government, trade, education, effect"
Topic_12,1972,HBR,"labor, country, social, economic, worker, work, policy, service, international, government, organization, effect, income, development, increase"
Topic_12,1972,ILR,"labor, social, country, worker, international, economic, population, union, work, education, trade, condition, employment, government, organization"
Topic_12,1977,Shared,"work, labor, worker, country, employment, international, trade, case, union, economic, policy, social, cent, job, industrial"
Topic_12,1977,COHA,"work, labor, country, worker, international, employment, trade, union, case, policy, economic, government, national, social, job"
Topic_12,1977,HBR,"work, labor, country, worker, international, policy, economic, trade, union, case, employment, government, job, national, production"
Topic_12,1977,ILR,"labor, worker, work, international, country, union, employment, trade, social, economic, industrial, condition, policy, concern, government"
Topic_12,1982,Shared,"country, labor, work, worker, economic, year, employment, social, policy, international, case, development, increase, government, industrial"
Topic_12,1982,COHA,"country, work, labor, year, economic, worker, government, employment, policy, social, international, case, public, development, industrial"
Topic_12,1982,HBR,"country, work, labor, economic, year, policy, government, worker, development, social, job, case, public, program, international"
Topic_12,1982,ILR,"labor, country, work, worker, social, international, economic, employment, industrial, union, government, development, trade, activity, policy"
Topic_12,1987,Shared,"country, work, labor, sector, enterprise, international, government, policy, worker, increase, job, economic, industrial, employment, trade"
Topic_12,1987,COHA,"country, work, government, labor, international, policy, enterprise, sector, worker, year, public, increase, economic, job, trade"
Topic_12,1987,HBR,"country, work, government, policy, enterprise, sector, labor, job, international, economic, public, year, increase, program, change"
Topic_12,1987,ILR,"country, labor, international, sector, work, government, enterprise, worker, social, policy, employment, union, economic, rural, industrial"
Topic_12,1992,Shared,"labor, social, country, international, economic, work, government, industrial, trade, state, reform, worker, law, employment, relation"
Topic_12,1992,COHA,"social, labor, country, economic, international, work, government, state, law, trade, industrial, reform, public, worker, union"
Topic_12,1992,HBR,"social, labor, country, economic, work, government, international, state, public, trade, industrial, policy, law, organization, reform"
Topic_12,1992,ILR,"labor, social, international, country, economic, reform, government, work, law, industrial, trade, state, union, worker, relation"
Topic_12,1997,Shared,"work, social, labor, worker, international, country, employment, union, strike, trade, economic, job, service, year, case"
Topic_12,1997,COHA,"work, social, labor, worker, international, country, year, strike, union, employment, job, economic, trade, service, case"
Topic_12,1997,HBR,"work, social, labor, worker, international, country, job, year, service, economic, organization, union, strike, trade, case"
Topic_12,1997,ILR,"social, labor, international, work, worker, union, country, employment, strike, economic, trade, child, report, woman, organization"
Topic_12,2002,Shared,"work, social, economy, market, low, effect, economic, job, variable, development, policy, study, develop, change, force"
Topic_12,2002,COHA,"work, social, economy, market, low, effect, economic, year, job, force, policy, development, study, change, develop"
Topic_12,2002,HBR,"work, economy, market, social, low, job, develop, development, economic, organization, change, effect, study, policy, force"
Topic_12,2002,ILR,"social, work, economy, economic, policy, effect, worker, labor, development, country, international, study, poverty, job, variable"
Topic_12,2007,Shared,"labor, work, employment, country, social, worker, economic, law, trade, market, policy, low, international, job, service"
Topic_12,2007,COHA,"labor, work, country, employment, social, worker, economic, law, market, trade, policy, low, international, job, service"
Topic_12,2007,HBR,"work, labor, country, social, employment, market, economic, worker, law, low, policy, trade, job, service, system"
Topic_12,2007,ILR,"labor, employment, social, country, work, worker, law, economic, international, trade, policy, low, market, effect, wage"
Topic_12,2012,Shared,"labor, employment, worker, work, wage, international, country, woman, social, trade, cent, effect, level, low, informal"
Topic_12,2012,COHA,"labor, work, employment, worker, wage, country, international, woman, social, trade, effect, low, market, level, cent"
Topic_12,2012,HBR,"labor, work, employment, worker, wage, country, international, woman, market, social, low, level, trade, effect, access"
Topic_12,2012,ILR,"labor, employment, worker, international, social, informal, work, wage, country, access, woman, trade, regulation, eur, convention"
Topic_12,2017,Shared,"labor, work, employment, country, worker, job, level, wage, year, social, study, economic, number, rate, increase"
Topic_12,2017,COHA,"labor, work, country, employment, job, year, worker, level, study, wage, economic, social, number, rate, increase"
Topic_12,2017,HBR,"labor, work, job, country, employment, level, year, worker, study, economic, increase, social, base, wage, number"
Topic_12,2017,ILR,"labor, employment, work, country, worker, social, job, economic, wage, international, level, study, sector, policy, education"
Topic_13,1922,Shared,"year, work, public, case, labor, country, show, state, condition, study, economic, industry, rate, order, effect"
Topic_13,1922,COHA,"year, public, work, state, case, country, show, man, place, hand, labor, power, war, government, economic"
Topic_13,1922,HBR,"year, work, public, case, study, economic, condition, effect, order, result, development, show, industry, state, form"
Topic_13,1922,ILR,"work, year, case, public, labor, country, study, condition, economic, state, industry, show, worker, report, effect"
Topic_13,1927,Shared,"work, state, year, industry, country, case, public, result, man, government, show, study, economic, form, social"
Topic_13,1927,COHA,"state, work, year, public, government, country, man, industry, case, people, world, power, national, result, economic"
Topic_13,1927,HBR,"work, state, industry, year, result, case, public, production, form, country, economic, study, government, man, order"
Topic_13,1927,ILR,"work, state, industry, year, country, case, result, economic, public, study, form, labor, government, social, question"
Topic_13,1932,Shared,"year, man, state, work, public, industry, government, law, case, show, increase, income, period, group, rate"
Topic_13,1932,COHA,"year, state, man, government, public, work, law, industry, national, world, gold, case, place, show, american"
Topic_13,1932,HBR,"year, government, public, state, man, industry, work, law, policy, increase, case, economic, gold, credit, result"
Topic_13,1932,ILR,"year, work, state, industry, government, public, man, law, case, show, increase, labor, country, worker, economic"
Topic_13,1937,Shared,"war, government, economic, state, public, country, work, labor, industry, national, law, program, policy, year, industrial"
Topic_13,1937,COHA,"war, government, state, public, economic, national, country, law, program, work, year, labor, policy, industry, plan"
Topic_13,1937,HBR,"government, war, economic, public, program, state, policy, industry, work, plan, law, country, labor, national, question"
Topic_13,1937,ILR,"government, war, economic, work, labor, country, state, industry, public, national, law, program, policy, industrial, year"
Topic_13,1942,Shared,"war, man, year, government, national, public, state, policy, union, country, foreign, work, case, group, world"
Topic_13,1942,COHA,"war, man, government, year, national, state, public, policy, world, foreign, union, place, country, administration, set"
Topic_13,1942,HBR,"war, man, government, policy, year, public, national, union, state, production, foreign, relation, action, case, program"
Topic_13,1942,ILR,"war, man, government, year, national, policy, state, public, union, country, work, case, production, industry, group"
Topic_13,1947,Shared,"year, government, economic, industry, production, state, policy, man, interest, increase, bank, work, power, case, public"
Topic_13,1947,COHA,"year, government, state, man, power, public, policy, economic, interest, bank, production, war, industry, control, work"
Topic_13,1947,HBR,"economic, policy, government, production, interest, bank, man, year, industry, development, control, relation, increase, state, power"
Topic_13,1947,ILR,"economic, government, year, industry, work, state, production, policy, increase, interest, case, country, public, condition, development"
Topic_13,1952,Shared,"year, man, work, group, continue, company, power, cost, people, system, public, case, employee, service, small"
Topic_13,1952,COHA,"year, man, work, people, power, public, government, continue, small, group, state, company, life, interest, cost"
Topic_13,1952,HBR,"man, year, work, company, continue, people, management, power, group, experience, system, interest, product, important, cost"
Topic_13,1952,ILR,"year, work, man, group, power, continue, system, case, government, public, service, employee, cost, industry, people"
Topic_13,1957,Shared,"year, work, government, public, change, industry, group, people, state, service, economic, company, system, price, small"
Topic_13,1957,COHA,"year, government, public, work, state, people, life, man, small, world, power, industry, group, change, program"
Topic_13,1957,HBR,"government, year, people, work, program, public, company, page, life, management, change, individual, economic, control, system"
Topic_13,1957,ILR,"work, year, government, public, economic, industry, state, service, change, group, system, country, organization, program, people"
Topic_13,1962,Shared,"work, man, year, price, industry, group, cost, government, company, change, case, system, decision, public, market"
Topic_13,1962,COHA,"man, year, work, government, public, price, people, group, industry, state, national, small, line, action, company"
Topic_13,1962,HBR,"man, company, work, decision, management, year, government, system, organization, action, people, change, group, control, price"
Topic_13,1962,ILR,"work, year, man, government, industry, group, case, public, system, organization, change, price, decision, provide, service"
Topic_13,1967,Shared,"man, company, cost, price, year, market, change, job, industry, show, management, level, base, rate, low"
Topic_13,1967,COHA,"man, year, company, show, price, cost, job, market, change, industry, work, people, real, low, end"
Topic_13,1967,HBR,"man, company, management, job, product, market, change, cost, year, executive, manager, industry, people, price, marketing"
Topic_13,1967,ILR,"man, work, year, industry, job, change, company, level, cost, show, market, service, case, result, low"
Topic_13,1972,Shared,"work, job, system, company, year, state, people, major, economic, policy, government, plan, set, development, executive"
Topic_13,1972,COHA,"state, people, year, work, government, life, major, job, system, foreign, set, public, company, action, power"
Topic_13,1972,HBR,"company, work, executive, people, system, organization, job, management, question, year, state, major, action, important, plan"
Topic_13,1972,ILR,"work, system, job, economic, state, year, country, development, government, organization, policy, question, people, set, plan"
Topic_13,1977,Shared,"people, government, year, public, state, work, world, man, issue, change, policy, power, support, service, market"
Topic_13,1977,COHA,"people, government, year, state, public, world, man, work, power, political, issue, support, policy, life, law"
Topic_13,1977,HBR,"people, government, year, public, state, work, issue, world, man, company, support, board, change, system, power"
Topic_13,1977,ILR,"government, people, year, work, public, state, world, policy, change, issue, economic, service, man, system, support"
Topic_13,1982,Shared,"company, government, people, public, program, world, development, economic, system, important, management, major, market, role, year"
Topic_13,1982,COHA,"government, people, company, public, world, program, year, major, american, small, action, state, important, foreign, economic"
Topic_13,1982,HBR,"company, people, government, management, program, manager, public, world, system, important, role, action, process, major, market"
Topic_13,1982,ILR,"government, company, program, public, people, economic, development, system, policy, job, work, role, important, world, management"
Topic_13,1987,Shared,"company, work, management, year, market, system, cost, world, important, people, small, industry, product, change, manager"
Topic_13,1987,COHA,"company, year, world, work, people, management, market, american, small, system, important, cost, call, school, director"
Topic_13,1987,HBR,"company, management, work, people, world, year, system, market, important, manager, call, cost, product, director, team"
Topic_13,1987,ILR,"company, work, year, management, system, market, world, cost, industry, important, small, people, policy, change, country"
Topic_13,1992,Shared,"company, people, work, market, change, organization, year, research, real, system, program, job, set, business, important"
Topic_13,1992,COHA,"people, company, work, year, change, market, business, real, world, organization, today, set, research, put, end"
Topic_13,1992,HBR,"people, company, work, organization, change, market, year, leader, business, system, world, today, research, real, set"
Topic_13,1992,ILR,"work, people, company, change, market, organization, year, system, research, real, job, program, set, service, important"
Topic_13,1997,Shared,"people, work, year, world, system, office, service, information, change, government, call, end, company, employee, pay"
Topic_13,1997,COHA,"people, year, work, world, office, system, end, power, government, family, open, call, public, service, information"
Topic_13,1997,HBR,"people, work, year, world, system, company, organization, information, service, call, office, change, employee, board, start"
Topic_13,1997,ILR,"work, people, year, world, system, service, office, government, information, change, organization, pay, industry, employee, public"
Topic_13,2002,Shared,"year, people, work, company, world, man, group, job, life, set, show, market, public, call, important"
Topic_13,2002,COHA,"year, people, work, world, man, life, company, public, set, show, group, call, place, power, job"
Topic_13,2002,HBR,"people, year, work, company, world, call, set, leader, life, job, group, market, important, man, experience"
Topic_13,2002,ILR,"year, people, work, company, world, job, man, group, public, set, market, life, show, case, call"
Topic_13,2007,Shared,"work, base, company, job, market, model, change, level, include, focus, partner, year, month, number, service"
Topic_13,2007,COHA,"work, base, year, company, people, job, end, market, month, change, include, number, board, level, issue"
Topic_13,2007,HBR,"work, company, people, team, base, board, focus, change, market, partner, job, year, manager, product, strategy"
Topic_13,2007,ILR,"work, base, job, market, level, include, company, change, model, service, number, year, employee, issue, month"
Topic_13,2012,Shared,"team, strategy, year, market, system, work, cost, company, people, product, investment, challenge, brand, employee, risk"
Topic_13,2012,COHA,"team, year, people, work, strategy, system, world, run, market, feel, cost, company, challenge, important, product"
Topic_13,2012,HBR,"team, people, strategy, work, year, company, system, challenge, organization, brand, employee, feel, product, market, focus"
Topic_13,2012,ILR,"team, work, strategy, system, market, year, cost, employee, investment, company, challenge, organization, people, product, risk"
Topic_13,2017,Shared,"focus, company, team, colleague, technology, model, online, role, manager, performance, conversation, global, job, market, amazon"
Topic_13,2017,COHA,"team, company, focus, online, colleague, conversation, technology, role, model, people, manager, performance, job, amazon, platform"
Topic_13,2017,HBR,"company, focus, team, colleague, conversation, online, technology, manager, model, role, performance, people, platform, research, create"
Topic_13,2017,ILR,"focus, company, team, model, technology, role, job, colleague, market, performance, manager, growth, research, approach, process"
Topic_14,1922,Shared,"made, president, men, american, states, years, united, city, congress, war, street, secretary, league, british, house"
Topic_14,1922,COHA,"made, men, states, united, president, years, congress, american, secretary, senate, means, germany, ago, paid, william"
Topic_14,1922,HBR,"made, american, president, men, states, city, years, war, united, congress, secretary, street, man, british, house"
Topic_14,1922,ILR,"american, president, made, city, war, men, man, states, years, people, united, british, secretary, house, street"
Topic_14,1927,Shared,"made, years, york, president, states, hoover, senator, united, men, days, interests, asked, street, times, received"
Topic_14,1927,COHA,"made, york, states, years, hoover, united, senator, interests, men, president, means, days, asked, conditions, received"
Topic_14,1927,HBR,"president, made, years, york, states, hoover, united, senator, men, days, street, business, asked, secretary, interests"
Topic_14,1927,ILR,"president, made, years, york, states, united, hoover, senator, men, business, street, secretary, days, life, american"
Topic_14,1932,Shared,"president, business, states, city, man, years, people, federal, american, home, united, political, back, today, made"
Topic_14,1932,COHA,"states, president, years, united, made, business, men, senate, members, york, city, prices, congress, days, american"
Topic_14,1932,HBR,"president, business, man, city, people, states, federal, american, years, public, political, home, today, state, life"
Topic_14,1932,ILR,"president, business, man, city, people, federal, public, states, american, home, political, state, life, today, government"
Topic_14,1937,Shared,"made, united, britain, british, times, york, congress, years, states, hitler, members, roosevelt, washington, men, president"
Topic_14,1937,COHA,"united, britain, made, york, roosevelt, hitler, congress, members, states, times, workers, nazi, men, means, years"
Topic_14,1937,HBR,"made, united, british, britain, york, times, congress, years, president, states, war, hitler, house, roosevelt, members"
Topic_14,1937,ILR,"united, made, british, britain, war, york, times, president, house, congress, years, states, city, hitler, world"
Topic_14,1942,Shared,"war, britain, roosevelt, russia, forces, allied, months, washington, years, france, planes, made, asked, coast, guns"
Topic_14,1942,COHA,"britain, roosevelt, russia, war, forces, months, allied, washington, planes, made, france, years, asked, means, goods"
Topic_14,1942,HBR,"war, britain, roosevelt, allied, russia, forces, months, washington, years, france, air, made, planes, house, coast"
Topic_14,1942,ILR,"war, britain, roosevelt, allied, russia, forces, months, air, house, city, years, washington, france, made, coast"
Topic_14,1947,Shared,"united, dewey, men, prices, made, communists, members, years, russia, york, senate, workers, states, communist, president"
Topic_14,1947,COHA,"united, men, made, prices, communists, dewey, members, senate, states, york, russia, workers, nations, congress, years"
Topic_14,1947,HBR,"united, men, dewey, prices, made, communists, members, years, president, york, senate, communist, russia, states, workers"
Topic_14,1947,ILR,"united, men, dewey, prices, made, president, communists, years, members, communist, york, senate, states, russia, military"
Topic_14,1952,Shared,"united, soviet, eisenhower, president, years, states, american, washington, week, men, leaders, army, york, world, told"
Topic_14,1952,COHA,"united, states, eisenhower, soviet, president, years, leaders, washington, men, york, made, american, told, army, members"
Topic_14,1952,HBR,"united, president, soviet, american, eisenhower, world, week, years, states, army, today, washington, city, men, defense"
Topic_14,1952,ILR,"united, president, soviet, american, eisenhower, week, world, years, states, today, army, washington, city, men, defense"
Topic_14,1957,Shared,"york, governor, made, years, berlin, states, house, back, american, negro, city, republican, found, times, man"
Topic_14,1957,COHA,"york, made, states, governor, years, berlin, republican, united, soviet, times, back, negro, persons, men, held"
Topic_14,1957,HBR,"york, governor, house, american, made, city, years, man, back, berlin, states, negro, state, president, air"
Topic_14,1957,ILR,"york, governor, house, american, man, city, made, years, back, states, state, berlin, negro, week, court"
Topic_14,1962,Shared,"vietnam, goldwater, rockefeller, york, nuclear, nam, programs, viet, men, lyndon, republicans, united, saigon, years, rusk"
Topic_14,1962,COHA,"york, vietnam, rockefeller, united, programs, men, states, years, goldwater, nam, nuclear, members, leaders, washington, proposals"
Topic_14,1962,HBR,"vietnam, rockefeller, goldwater, york, nuclear, nam, programs, men, united, conservative, democratic, viet, years, back, republicans"
Topic_14,1962,ILR,"vietnam, rockefeller, goldwater, york, nuclear, nam, programs, united, men, democratic, conservative, years, back, viet, home"
Topic_14,1967,Shared,"president, united, years, american, made, city, house, men, north, members, times, told, million, white, back"
Topic_14,1967,COHA,"united, years, president, made, members, men, times, told, states, officials, yesterday, months, asked, senator, north"
Topic_14,1967,HBR,"president, united, american, years, city, house, made, year, man, north, state, white, million, men, members"
Topic_14,1967,ILR,"president, united, american, years, city, house, made, year, man, north, state, white, million, men, members"
Topic_14,1972,Shared,"nixon, percent, federal, party, united, state, people, president, made, million, congress, officials, years, days, white"
Topic_14,1972,COHA,"nixon, united, congress, made, officials, days, years, called, president, percent, states, areas, york, federal, plans"
Topic_14,1972,HBR,"nixon, federal, state, people, party, percent, year, government, president, public, young, man, million, city, bill"
Topic_14,1972,ILR,"nixon, federal, state, people, party, percent, year, president, government, public, young, million, united, man, city"
Topic_14,1977,Shared,"states, made, united, years, york, president, israel, million, south, white, american, officials, kennedy, back, called"
Topic_14,1977,COHA,"states, israel, united, york, officials, made, kennedy, years, asked, called, workers, members, washington, congress, programs"
Topic_14,1977,HBR,"president, american, white, people, states, million, city, south, united, made, years, york, world, soviet, israel"
Topic_14,1977,ILR,"president, states, american, white, made, united, million, years, york, south, people, city, israel, back, soviet"
Topic_14,1982,Shared,"percent, people, president, world, white, black, house, year, united, home, back, life, week, congress, party"
Topic_14,1982,COHA,"percent, united, president, congress, called, made, officials, years, billion, funds, mondale, back, black, states, months"
Topic_14,1982,HBR,"people, percent, world, president, year, white, house, black, home, life, week, party, national, american, book"
Topic_14,1982,ILR,"people, percent, president, world, year, white, house, black, home, life, week, party, national, american, back"
Topic_14,1987,Shared,"years, american, president, back, soviet, state, made, life, west, york, year, city, world, white, school"
Topic_14,1987,COHA,"years, made, york, president, soviet, days, back, west, american, ago, countries, children, states, times, companies"
Topic_14,1987,HBR,"years, american, president, state, year, life, world, school, soviet, city, people, federal, home, back, political"
Topic_14,1987,ILR,"years, american, president, state, life, year, soviet, back, world, city, school, federal, home, made, people"
Topic_14,1992,Shared,"clinton, percent, years, made, called, problems, moon, members, children, dole, systems, means, issues, things, times"
Topic_14,1992,COHA,"clinton, percent, years, problems, made, called, issues, members, systems, areas, means, programs, months, costs, based"
Topic_14,1992,HBR,"clinton, percent, years, made, called, moon, star, problems, business, president, children, america, members, million, dole"
Topic_14,1992,ILR,"clinton, percent, years, made, called, problems, moon, children, members, star, america, dole, systems, means, issues"
Topic_14,1997,Shared,"years, based, million, percent, back, left, women, york, san, foods, children, found, bush, lives, levels"
Topic_14,1997,COHA,"years, based, york, levels, left, recently, services, problems, percent, called, women, million, san, back, ago"
Topic_14,1997,HBR,"years, million, percent, back, based, left, found, life, home, people, american, house, college, women, york"
Topic_14,1997,ILR,"years, based, million, percent, back, left, found, women, york, san, children, foods, bush, american, lives"
Topic_14,2002,Shared,"years, made, million, based, back, companies, percent, men, san, making, states, things, washington, university, including"
Topic_14,2002,COHA,"years, companies, made, based, including, officials, things, washington, san, states, called, million, months, growing, told"
Topic_14,2002,HBR,"years, million, made, home, back, university, people, percent, year, water, city, companies, world, based, american"
Topic_14,2002,ILR,"years, made, million, back, companies, percent, based, university, home, making, men, water, states, found, san"
Topic_14,2007,Shared,"years, people, made, home, women, love, university, president, american, including, makes, told, things, top, back"
Topic_14,2007,COHA,"years, made, including, makes, told, things, women, called, higher, times, children, students, players, states, quickly"
Topic_14,2007,HBR,"years, people, home, university, american, top, president, world, city, made, love, year, today, game, house"
Topic_14,2007,ILR,"years, people, made, home, university, american, love, president, women, top, city, game, including, back, makes"
Topic_14,2012,Shared,"years, back, percent, home, university, million, found, ball, year, city, made, people, state, school, american"
Topic_14,2012,COHA,"years, based, percent, back, including, made, ball, kids, women, called, services, rates, million, days, ago"
Topic_14,2012,HBR,"years, home, year, back, state, people, university, percent, city, school, million, life, found, american, ball"
Topic_14,2012,ILR,"years, back, home, percent, university, year, state, million, people, found, city, ball, school, made, life"
Topic_14,2017,Shared,"percent, data, back, home, film, season, state, found, people, million, years, researchers, play, president, white"
Topic_14,2017,COHA,"percent, researchers, data, back, years, thursday, found, made, based, million, season, times, film, sunday, york"
Topic_14,2017,HBR,"data, percent, home, state, people, film, back, season, year, play, world, center, family, found, million"
Topic_14,2017,ILR,"percent, data, home, back, film, state, people, season, found, play, million, president, house, white, world"
Topic_15,1922,Shared,"method, profit, market, period, cost, volume, purchase, company, account, material, railroad, result, total, increase, ratio"
Topic_15,1922,COHA,"method, profit, market, cost, company, period, year, purchase, man, volume, railroad, material, interest, result, account"
Topic_15,1922,HBR,"profit, method, purchase, company, market, cost, railroad, volume, period, material, inventory, merchandise, ratio, rate, account"
Topic_15,1922,ILR,"method, period, profit, market, cost, account, volume, result, year, material, increase, total, purchase, company, rate"
Topic_15,1927,Shared,"stock, company, store, profit, trust, bank, price, market, railroad, line, net, amount, sale, volume, merchandise"
Topic_15,1927,COHA,"stock, company, store, profit, bank, trust, price, line, market, railroad, amount, sale, net, volume, car"
Topic_15,1927,HBR,"stock, store, company, profit, trust, bank, railroad, merchandise, price, sale, net, market, sell, amount, manufacturer"
Topic_15,1927,ILR,"company, stock, store, profit, bank, trust, price, market, amount, line, volume, net, railroad, rate, type"
Topic_15,1932,Shared,"company, stock, sale, price, sell, balance, store, market, cost, corporation, capital, product, result, tax, plan"
Topic_15,1932,COHA,"company, stock, sale, price, sell, year, cost, store, balance, corporation, tax, market, small, capital, control"
Topic_15,1932,HBR,"company, stock, sale, price, sell, store, corporation, cost, balance, market, product, capital, asset, profit, tax"
Topic_15,1932,ILR,"company, stock, price, sale, cost, market, year, balance, industry, result, capital, sell, plan, small, corporation"
Topic_15,1937,Shared,"consumer, cost, price, store, corporation, year, rate, tax, small, sale, public, result, industry, income, increase"
Topic_15,1937,COHA,"year, cost, price, consumer, tax, corporation, store, rate, small, public, sale, interest, industry, result, policy"
Topic_15,1937,HBR,"consumer, store, cost, price, corporation, sale, rate, tax, year, company, small, result, increase, income, change"
Topic_15,1937,ILR,"cost, year, rate, consumer, price, corporation, industry, store, tax, small, public, increase, result, income, change"
Topic_15,1942,Shared,"war, cost, air, advertising, civilian, government, rubber, procurement, work, result, manufacturer, hotel, bank, industry, case"
Topic_15,1942,COHA,"war, air, government, cost, advertising, year, civilian, rubber, hotel, work, bank, result, industry, case, foreign"
Topic_15,1942,HBR,"advertising, manufacturer, cost, war, procurement, air, rubber, carrier, bank, purchase, civilian, lease, mile, tax, conrad"
Topic_15,1942,ILR,"war, cost, work, government, industry, result, case, production, civilian, year, increase, air, economic, rubber, period"
Topic_15,1947,Shared,"price, cost, management, company, capital, man, group, road, market, conrad, rate, increase, profit, result, work"
Topic_15,1947,COHA,"price, cost, company, management, man, road, group, year, capital, market, work, rate, result, increase, program"
Topic_15,1947,HBR,"price, cost, company, management, conrad, profit, sale, capital, road, market, man, rate, plant, group, expand"
Topic_15,1947,ILR,"price, cost, management, company, work, group, increase, rate, capital, result, man, industry, market, total, case"
Topic_15,1952,Shared,"company, cost, management, plant, sale, price, change, operation, profit, control, corporation, job, program, plan, increase"
Topic_15,1952,COHA,"company, cost, management, plant, price, man, sale, control, change, operation, corporation, profit, program, job, plan"
Topic_15,1952,HBR,"company, management, cost, sale, plant, profit, corporation, price, operation, product, control, change, market, marketing, salesman"
Topic_15,1952,ILR,"company, cost, management, plant, change, price, increase, job, operation, program, control, plan, production, sale, man"
Topic_15,1957,Shared,"management, company, cost, sale, research, plan, stock, program, man, executive, year, operation, lease, control, change"
Topic_15,1957,COHA,"management, company, cost, sale, man, plan, research, stock, year, program, executive, control, case, change, operation"
Topic_15,1957,HBR,"management, company, sale, cost, stock, research, executive, plan, product, lease, manager, operation, program, decision, marketing"
Topic_15,1957,ILR,"management, company, cost, plan, research, program, sale, year, man, stock, case, executive, change, result, operation"
Topic_15,1962,Shared,"company, management, product, manager, profit, executive, market, decision, sale, system, cost, program, operation, change, investment"
Topic_15,1962,COHA,"company, management, product, manager, profit, executive, market, system, decision, sale, program, cost, change, year, operation"
Topic_15,1962,HBR,"company, product, management, manager, profit, executive, sale, market, cost, decision, investment, operation, corporate, system, change"
Topic_15,1962,ILR,"company, management, product, manager, profit, executive, system, market, decision, program, cost, change, operation, work, sale"
Topic_15,1967,Shared,"company, management, manager, cost, system, program, product, computer, executive, control, profit, corporate, decision, project, market"
Topic_15,1967,COHA,"company, management, manager, cost, system, program, control, product, computer, executive, decision, profit, market, project, corporate"
Topic_15,1967,HBR,"company, manager, management, cost, computer, product, corporate, executive, profit, system, decision, control, project, market, program"
Topic_15,1967,ILR,"company, management, cost, system, manager, program, product, decision, project, control, computer, market, profit, change, job"
Topic_15,1972,Shared,"company, manager, management, system, product, cost, performance, market, executive, change, corporate, information, employee, year, organization"
Topic_15,1972,COHA,"company, manager, management, system, product, cost, market, performance, executive, year, change, information, corporate, employee, rate"
Topic_15,1972,HBR,"company, manager, management, product, performance, system, cost, executive, corporate, market, sale, change, information, corporation, organization"
Topic_15,1972,ILR,"company, manager, management, system, product, cost, market, performance, change, executive, information, employee, organization, year, level"
Topic_15,1977,Shared,"company, manager, management, cost, product, year, plan, executive, market, process, change, service, corporation, employee, share"
Topic_15,1977,COHA,"company, manager, management, cost, year, product, plan, executive, market, change, service, corporation, process, share, plant"
Topic_15,1977,HBR,"company, manager, management, cost, product, executive, market, marketing, corporation, process, corporate, plan, performance, financial, share"
Topic_15,1977,ILR,"company, manager, management, cost, year, plan, product, market, service, change, employee, process, executive, work, share"
Topic_15,1982,Shared,"company, manager, product, cost, market, management, corporate, change, system, investment, executive, sale, competitive, process, plan"
Topic_15,1982,COHA,"company, manager, product, cost, market, management, corporate, change, executive, system, sale, investment, year, people, plan"
Topic_15,1982,HBR,"company, manager, product, corporate, cost, management, market, executive, investment, competitive, change, sale, system, process, customer"
Topic_15,1982,ILR,"company, manager, product, cost, market, management, corporate, change, system, investment, executive, plan, sale, year, process"
Topic_15,1987,Shared,"japanese, product, company, manager, customer, technology, computer, manufacturing, investment, cost, quality, strategy, system, process, service"
Topic_15,1987,COHA,"japanese, product, company, manager, customer, technology, computer, manufacturing, year, investment, quality, cost, competitive, people, strategy"
Topic_15,1987,HBR,"japanese, customer, manager, product, company, technology, computer, manufacturing, competitive, strategy, investment, competitor, process, shareholder, quality"
Topic_15,1987,ILR,"japanese, product, company, manager, technology, customer, computer, manufacturing, system, service, investment, cost, work, year, process"
Topic_15,1992,Shared,"company, customer, manager, product, market, process, management, technology, cost, quality, team, work, organization, change, performance"
Topic_15,1992,COHA,"company, customer, manager, product, market, process, technology, team, people, management, cost, quality, year, performance, learn"
Topic_15,1992,HBR,"company, customer, manager, product, process, technology, market, management, cost, strategic, performance, team, corporate, quality, create"
Topic_15,1992,ILR,"company, customer, manager, product, market, process, management, technology, cost, work, organization, change, quality, employee, information"
Topic_15,1997,Shared,"company, product, manager, market, process, information, network, cost, system, management, executive, strategy, technology, corporate, performance"
Topic_15,1997,COHA,"company, product, manager, market, network, process, information, cost, executive, technology, strategy, system, corporate, management, people"
Topic_15,1997,HBR,"company, product, manager, market, process, network, strategy, information, cost, executive, management, technology, corporate, performance, focus"
Topic_15,1997,ILR,"company, product, manager, market, process, information, cost, system, network, management, technology, strategy, change, employee, executive"
Topic_15,2002,Shared,"company, manager, customer, process, executive, market, create, organization, management, team, sale, product, people, performance, leader"
Topic_15,2002,COHA,"company, manager, customer, executive, process, people, team, market, create, management, organization, sale, leader, product, performance"
Topic_15,2002,HBR,"company, manager, customer, process, executive, create, organization, management, market, product, innovation, sale, performance, team, strategy"
Topic_15,2002,ILR,"company, manager, customer, process, market, organization, executive, create, management, people, product, team, sale, performance, system"
Topic_15,2007,Shared,"company, customer, manager, leader, people, create, executive, team, product, strategy, organization, process, risk, change, idea"
Topic_15,2007,COHA,"company, people, leader, customer, manager, team, create, executive, product, strategy, idea, risk, organization, process, change"
Topic_15,2007,HBR,"company, customer, manager, create, leader, team, executive, product, strategy, people, organization, process, risk, management, build"
Topic_15,2007,ILR,"company, customer, manager, people, leader, create, executive, product, team, strategy, organization, process, change, risk, management"
Topic_15,2012,Shared,"customer, innovation, team, strategy, performance, create, work, focus, model, employee, people, design, market, decision, approach"
Topic_15,2012,COHA,"team, customer, innovation, strategy, people, performance, create, work, focus, model, employee, care, challenge, design, drive"
Topic_15,2012,HBR,"customer, innovation, strategy, team, performance, create, focus, model, challenge, design, employee, product, process, approach, decision"
Topic_15,2012,ILR,"customer, innovation, strategy, team, work, create, performance, focus, model, employee, people, market, design, change, approach"
Topic_15,2017,Shared,"company, leader, learn, customer, product, manager, create, market, research, goal, executive, offer, culture, team, challenge"
Topic_15,2017,COHA,"company, leader, learn, product, customer, manager, create, market, research, culture, team, goal, offer, executive, challenge"
Topic_15,2017,HBR,"company, leader, customer, learn, product, manager, create, goal, researcher, team, culture, metric, executive, challenge, startup"
Topic_15,2017,ILR,"company, leader, learn, product, customer, create, manager, market, research, goal, offer, executive, culture, challenge, team"
Topic_16,1922,Shared,"worker, work, employer, person, act, hour, wage, agreement, insurance, report, labor, benefit, woman, pay, employment"
Topic_16,1922,COHA,"worker, work, employer, person, act, hour, agreement, wage, report, insurance, labor, woman, case, pay, year"
Topic_16,1922,HBR,"worker, work, employer, person, act, hour, agreement, wage, insurance, report, pay, case, benefit, fund, year"
Topic_16,1922,ILR,"worker, employer, person, work, insurance, hour, act, wage, agreement, benefit, pay, inspector, woman, fund, case"
Topic_16,1927,Shared,"worker, work, wage, agreement, hour, labor, employer, woman, person, case, employment, country, year, cent, pay"
Topic_16,1927,COHA,"worker, work, agreement, wage, hour, labor, year, woman, case, employer, country, person, employment, pay, cent"
Topic_16,1927,HBR,"worker, work, agreement, case, wage, hour, year, employer, labor, woman, person, pay, country, employment, employee"
Topic_16,1927,ILR,"worker, work, hour, person, employer, agreement, wage, woman, case, pay, provision, employment, benefit, child, year"
Topic_16,1932,Shared,"worker, work, person, labor, hour, year, employer, age, employment, agreement, insurance, case, pay, benefit, number"
Topic_16,1932,COHA,"work, worker, year, person, labor, hour, age, case, employer, agreement, employment, insurance, pay, report, number"
Topic_16,1932,HBR,"work, worker, year, person, age, hour, labor, case, employer, pay, benefit, agreement, insurance, service, period"
Topic_16,1932,ILR,"worker, work, person, hour, insurance, employer, age, pension, year, benefit, pay, agreement, employment, labor, case"
Topic_16,1937,Shared,"worker, work, employment, labor, person, employer, insurance, service, wage, case, provision, pay, agreement, age, benefit"
Topic_16,1937,COHA,"worker, work, labor, person, employment, service, employer, insurance, case, wage, pay, year, agreement, age, act"
Topic_16,1937,HBR,"worker, work, employment, labor, service, person, employer, case, pay, insurance, wage, benefit, provide, age, agreement"
Topic_16,1937,ILR,"worker, person, insurance, work, employer, employment, pay, wage, service, provision, benefit, case, age, act, labor"
Topic_16,1942,Shared,"worker, employment, work, employer, service, labor, insurance, person, wage, pay, order, social, provision, provide, benefit"
Topic_16,1942,COHA,"worker, work, employment, service, labor, employer, person, insurance, order, pay, wage, social, case, provide, act"
Topic_16,1942,HBR,"worker, work, employment, service, pay, employer, labor, wage, person, insurance, order, provide, case, benefit, social"
Topic_16,1942,ILR,"worker, person, insurance, employment, work, employer, pay, service, wage, benefit, order, provision, pension, woman, labor"
Topic_16,1947,Shared,"worker, employer, employment, work, labor, wage, pay, person, social, provide, insurance, provision, scheme, benefit, agreement"
Topic_16,1947,COHA,"worker, work, employer, employment, labor, wage, pay, person, social, provide, insurance, committee, provision, benefit, child"
Topic_16,1947,HBR,"worker, work, pay, employer, employment, provide, wage, benefit, person, labor, employee, service, insurance, case, social"
Topic_16,1947,ILR,"worker, employer, wage, person, employment, pay, insurance, work, benefit, provision, scheme, hour, allowance, holiday, labor"
Topic_16,1952,Shared,"worker, employment, labor, wage, work, country, woman, employer, age, cent, social, benefit, person, international, union"
Topic_16,1952,COHA,"worker, work, labor, employment, country, wage, woman, age, cent, employer, social, person, benefit, year, union"
Topic_16,1952,HBR,"worker, work, benefit, employment, woman, age, wage, labor, pay, country, service, employer, person, cent, year"
Topic_16,1952,ILR,"worker, wage, employment, woman, age, employer, work, person, benefit, cent, labor, insurance, pay, country, pension"
Topic_16,1957,Shared,"worker, work, wage, scheme, labor, cent, age, employment, country, person, benefit, employer, year, insurance, provide"
Topic_16,1957,COHA,"worker, work, year, age, labor, wage, cent, country, scheme, person, employment, case, pay, benefit, number"
Topic_16,1957,HBR,"work, worker, benefit, year, age, pay, employee, provide, person, wage, case, scheme, cent, insurance, number"
Topic_16,1957,ILR,"worker, scheme, wage, person, age, insurance, benefit, work, pension, cent, employer, employment, pay, labor, contribution"
Topic_16,1962,Shared,"worker, employment, cent, person, wage, work, pension, benefit, employer, scheme, labor, age, woman, pay, social"
Topic_16,1962,COHA,"worker, employment, cent, work, person, wage, labor, year, benefit, pension, age, employer, scheme, pay, woman"
Topic_16,1962,HBR,"worker, work, person, benefit, employment, cent, pay, year, pension, wage, age, employee, service, employer, provide"
Topic_16,1962,ILR,"worker, person, cent, employment, pension, benefit, wage, scheme, employer, work, age, pay, insurance, woman, employ"
Topic_16,1967,Shared,"worker, wage, employment, cent, convention, labor, work, minimum, benefit, employer, age, agreement, social, person, pension"
Topic_16,1967,COHA,"worker, wage, work, cent, employment, labor, convention, age, minimum, benefit, social, agreement, employer, person, year"
Topic_16,1967,HBR,"work, worker, benefit, wage, employee, pay, age, employment, year, cent, person, minimum, labor, agreement, service"
Topic_16,1967,ILR,"worker, wage, cent, employment, minimum, convention, benefit, employer, person, age, pension, agreement, work, provision, pay"
Topic_16,1972,Shared,"worker, employment, labor, wage, work, cent, social, income, employer, country, number, age, union, rate, unemployment"
Topic_16,1972,COHA,"worker, labor, employment, work, wage, cent, social, country, number, income, year, age, union, employer, rate"
Topic_16,1972,HBR,"worker, work, employment, wage, labor, cent, year, pay, age, number, rate, benefit, income, person, woman"
Topic_16,1972,ILR,"worker, employment, wage, cent, labor, employer, work, age, pension, person, provision, benefit, woman, pay, social"
Topic_16,1977,Shared,"labor, worker, employment, woman, work, union, country, social, income, international, cent, wage, legislation, employer, benefit"
Topic_16,1977,COHA,"labor, worker, woman, employment, work, union, country, social, income, international, cent, wage, legislation, benefit, employer"
Topic_16,1977,HBR,"woman, work, worker, labor, employment, benefit, income, country, union, social, employee, wage, cent, service, employer"
Topic_16,1977,ILR,"worker, woman, employment, labor, employer, wage, benefit, legislation, cent, work, collective, social, union, provision, country"
Topic_16,1982,Shared,"worker, woman, employment, labor, employer, work, cent, country, convention, benefit, social, legislation, wage, union, collective"
Topic_16,1982,COHA,"worker, woman, labor, work, employment, employer, country, cent, union, social, benefit, convention, legislation, wage, safety"
Topic_16,1982,HBR,"worker, woman, work, benefit, employment, employer, labor, pay, age, employee, cent, country, agreement, wage, person"
Topic_16,1982,ILR,"worker, woman, employer, employment, benefit, labor, convention, cent, wage, work, legislation, collective, age, provision, agreement"
Topic_16,1987,Shared,"employment, labor, worker, cent, work, social, employer, country, wage, international, trade, enterprise, union, provide, contract"
Topic_16,1987,COHA,"employment, labor, work, worker, cent, social, country, employer, wage, trade, international, union, enterprise, economic, provide"
Topic_16,1987,HBR,"work, employment, worker, labor, cent, social, employer, country, benefit, provide, wage, child, trade, woman, enterprise"
Topic_16,1987,ILR,"employment, worker, cent, labor, employer, work, wage, social, benefit, country, child, scheme, woman, contract, collective"
Topic_16,1992,Shared,"employment, worker, work, labor, cent, country, wage, employer, benefit, woman, social, pay, unemployment, agreement, contract"
Topic_16,1992,COHA,"work, worker, employment, country, labor, cent, wage, woman, employer, pay, benefit, social, agreement, sexual, unemployment"
Topic_16,1992,HBR,"work, worker, employment, woman, country, benefit, labor, cent, pay, wage, employer, social, employee, child, case"
Topic_16,1992,ILR,"worker, employment, cent, wage, employer, work, benefit, labor, woman, pay, country, unemployment, scheme, agreement, pension"
Topic_16,1997,Shared,"employment, worker, labor, woman, work, country, wage, social, benefit, convention, employer, unemployment, cent, scheme, international"
Topic_16,1997,COHA,"employment, worker, work, labor, woman, country, wage, social, benefit, convention, unemployment, employer, international, cent, pay"
Topic_16,1997,HBR,"work, employment, worker, woman, labor, country, wage, benefit, social, provide, pay, employer, rate, unemployment, service"
Topic_16,1997,ILR,"employment, worker, woman, wage, labor, work, country, unemployment, benefit, cent, employer, minimum, scheme, pension, rate"
Topic_16,2002,Shared,"labor, work, worker, child, country, social, security, female, policy, case, job, year, economic, pay, equality"
Topic_16,2002,COHA,"labor, work, worker, child, country, security, social, case, female, policy, year, job, state, pay, economic"
Topic_16,2002,HBR,"work, labor, worker, child, country, case, social, security, female, year, policy, job, pay, low, woman"
Topic_16,2002,ILR,"labor, worker, female, work, child, country, social, security, household, cent, case, male, woman, pay, equality"
Topic_16,2007,Shared,"worker, labor, wage, social, country, work, cent, care, employment, sector, child, international, pay, woman, age"
Topic_16,2007,COHA,"worker, labor, wage, work, care, country, social, cent, employment, child, pay, sector, woman, international, age"
Topic_16,2007,HBR,"worker, labor, work, wage, care, country, social, cent, employment, pay, woman, child, sector, age, number"
Topic_16,2007,ILR,"worker, wage, labor, cent, employment, work, country, social, care, minimum, pay, woman, sector, child, age"
Topic_16,2012,Shared,"minimum, wage, labor, employment, job, worker, country, variable, cent, work, low, effect, temporary, market, model"
Topic_16,2012,COHA,"minimum, labor, job, wage, country, work, worker, employment, low, cent, market, effect, variable, pay, level"
Topic_16,2012,HBR,"work, job, labor, worker, country, minimum, wage, low, market, employment, cent, pay, effect, level, model"
Topic_16,2012,ILR,"wage, minimum, employment, worker, cent, labor, country, work, job, low, variable, temporary, pay, effect, level"
Topic_16,2017,Shared,"wage, worker, effect, variable, labor, education, job, country, level, work, domestic, market, employment, firm, cent"
Topic_16,2017,COHA,"wage, worker, effect, education, labor, job, country, variable, work, level, market, domestic, firm, year, employment"
Topic_16,2017,HBR,"wage, worker, effect, job, work, labor, education, level, country, market, variable, firm, year, low, employment"
Topic_16,2017,ILR,"wage, worker, effect, labor, variable, country, employment, level, job, cent, education, domestic, work, estimate, minimum"
Topic_17,1922,Shared,"number, figure, index, wage, price, average, cent, rate, month, statistic, base, country, total, year, accident"
Topic_17,1922,COHA,"number, figure, index, wage, price, cent, rate, average, month, year, country, base, statistic, show, total"
Topic_17,1922,HBR,"number, price, figure, rate, index, average, cost, month, total, base, show, year, group, increase, wage"
Topic_17,1922,ILR,"number, index, figure, wage, average, statistic, cent, price, month, rate, base, unemployment, total, accident, country"
Topic_17,1927,Shared,"number, figure, cent, average, industry, wage, rate, index, month, statistic, total, worker, unemployment, year, case"
Topic_17,1927,COHA,"number, figure, cent, average, industry, rate, wage, year, month, total, worker, index, statistic, unemployment, case"
Topic_17,1927,HBR,"number, figure, rate, average, industry, total, year, month, index, cent, show, base, case, cost, percentage"
Topic_17,1927,ILR,"number, figure, average, cent, index, statistic, wage, month, unemployment, industry, rate, total, unemployed, year, worker"
Topic_17,1932,Shared,"number, figure, statistic, cent, average, wage, index, unemployment, total, employ, worker, unemployed, work, base, rate"
Topic_17,1932,COHA,"number, figure, statistic, average, cent, wage, index, total, unemployment, work, worker, employ, year, rate, industry"
Topic_17,1932,HBR,"figure, number, average, total, rate, statistic, index, base, industry, return, year, man, month, cent, group"
Topic_17,1932,ILR,"number, figure, statistic, index, average, unemployment, wage, cent, unemployed, employ, total, base, month, worker, rate"
Topic_17,1937,Shared,"number, wage, figure, statistic, average, work, index, hour, cent, total, month, base, industry, employment, worker"
Topic_17,1937,COHA,"number, figure, wage, statistic, work, average, hour, index, cent, total, month, industry, base, year, rate"
Topic_17,1937,HBR,"number, figure, average, total, statistic, wage, rate, work, base, index, industry, year, month, hour, man"
Topic_17,1937,ILR,"statistic, number, figure, wage, index, average, hour, month, cent, unemployed, base, work, unemployment, total, employ"
Topic_17,1942,Shared,"wage, rate, figure, number, average, hour, work, industry, earning, statistic, index, include, annual, base, month"
Topic_17,1942,COHA,"wage, rate, number, figure, average, hour, work, industry, earning, index, year, statistic, month, base, include"
Topic_17,1942,HBR,"rate, number, figure, wage, average, industry, year, work, base, price, cost, earning, hour, include, increase"
Topic_17,1942,ILR,"figure, wage, average, number, index, statistic, hour, rate, earning, month, food, annual, monthly, base, week"
Topic_17,1947,Shared,"index, number, average, figure, statistic, include, wage, person, base, price, food, year, unemployed, work, rate"
Topic_17,1947,COHA,"number, index, average, figure, include, statistic, wage, person, base, year, food, price, work, rate, unemployed"
Topic_17,1947,HBR,"number, price, average, include, year, figure, cost, base, index, rate, wage, work, person, food, statistic"
Topic_17,1947,ILR,"index, average, figure, statistic, number, person, wage, base, food, unemployed, include, register, earning, month, thousand"
Topic_17,1952,Shared,"series, average, hour, index, apr, figure, person, price, rate, month, number, year, statistic, earning, town"
Topic_17,1952,COHA,"series, average, hour, figure, index, price, rate, person, year, month, apr, number, town, week, statistic"
Topic_17,1952,HBR,"price, year, rate, average, figure, number, hour, month, series, base, total, work, group, index, person"
Topic_17,1952,ILR,"series, average, index, apr, figure, hour, month, person, incl, statistic, town, price, earning, rate, thousand"
Topic_17,1957,Shared,"series, average, apr, index, hour, rate, figure, incl, number, month, link, person, begin, price, manufacture"
Topic_17,1957,COHA,"series, average, apr, hour, rate, number, index, month, figure, price, begin, person, link, incl, wage"
Topic_17,1957,HBR,"price, rate, average, series, number, year, figure, month, begin, hour, base, index, consumer, work, person"
Topic_17,1957,ILR,"series, apr, average, index, incl, figure, hour, month, link, number, person, rate, begin, price, laborer"
Topic_17,1962,Shared,"series, average, apr, index, number, rate, figure, link, price, month, hour, manufacture, incl, person, laborer"
Topic_17,1962,COHA,"series, average, number, apr, rate, index, figure, price, month, hour, link, person, manufacture, cover, year"
Topic_17,1962,HBR,"series, price, average, rate, number, figure, year, month, index, base, manufacture, consumer, earning, hour, industry"
Topic_17,1962,ILR,"series, apr, average, index, figure, number, incl, month, laborer, hour, link, town, rate, unskille, monthly"
Topic_17,1967,Shared,"rate, year, work, hospital, increase, industry, man, income, group, economic, case, government, number, labor, period"
Topic_17,1967,COHA,"year, rate, work, hospital, increase, man, industry, government, group, income, case, economic, number, labor, period"
Topic_17,1967,HBR,"rate, year, increase, hospital, man, cost, price, work, industry, group, income, number, case, period, estimate"
Topic_17,1967,ILR,"rate, number, year, work, income, increase, estimate, worker, industry, average, labor, percentage, group, period, figure"
Topic_17,1972,Shared,"mechanization, system, program, production, development, income, job, policy, net, increase, economic, management, work, industry, study"
Topic_17,1972,COHA,"system, program, production, development, income, policy, mechanization, job, increase, economic, work, management, net, industry, change"
Topic_17,1972,HBR,"net, management, cost, production, company, system, tax, product, increase, income, program, change, investment, industry, job"
Topic_17,1972,ILR,"income, mechanization, increase, rate, country, labor, total, level, production, industry, work, number, economic, wage, job"
Topic_17,1977,Shared,"energy, work, year, industry, group, change, number, increase, rate, country, cost, price, service, base, system"
Topic_17,1977,COHA,"energy, year, work, group, industry, change, number, increase, rate, country, price, cost, service, oil, base"
Topic_17,1977,HBR,"energy, price, change, cost, group, year, industry, rate, number, increase, oil, base, work, average, total"
Topic_17,1977,ILR,"number, rate, work, increase, industry, group, average, country, year, base, change, figure, level, price, total"
Topic_17,1982,Shared,"work, health, labor, economic, trade, worker, industry, job, country, international, industrial, policy, increase, change, production"
Topic_17,1982,COHA,"work, health, economic, labor, trade, industry, worker, job, country, international, year, policy, increase, industrial, change"
Topic_17,1982,HBR,"work, cost, industry, change, health, job, increase, inflation, production, economic, trade, market, year, low, result"
Topic_17,1982,ILR,"work, labor, worker, country, trade, industry, economic, number, increase, rate, job, employment, international, health, production"
Topic_17,1987,Shared,"price, cost, real, increase, market, hospital, year, producer, rate, service, technology, industry, work, pay, small"
Topic_17,1987,COHA,"price, real, cost, year, hospital, increase, market, rate, producer, service, industry, small, work, pay, technology"
Topic_17,1987,HBR,"price, cost, real, market, hospital, company, producer, technology, increase, rate, year, service, profit, industry, base"
Topic_17,1987,ILR,"price, rate, increase, cost, base, number, real, average, total, decline, wage, food, industry, income, pay"
Topic_17,1992,Shared,"company, strategy, employee, network, deficit, level, organization, service, investment, change, infrastructure, market, customer, partner, group"
Topic_17,1992,COHA,"company, strategy, deficit, employee, network, level, service, organization, change, investment, group, cost, environmental, market, infrastructure"
Topic_17,1992,HBR,"company, strategy, deficit, network, employee, investment, customer, cost, change, competitive, service, level, market, partner, organization"
Topic_17,1992,ILR,"level, rate, base, employee, company, work, group, change, number, service, deficit, price, include, cost, average"
Topic_17,1997,Shared,"work, brand, internet, job, people, nonprofit, foundation, base, change, market, year, low, service, challenge, initiative"
Topic_17,1997,COHA,"work, brand, people, internet, foundation, year, job, base, change, nonprofit, market, low, service, country, challenge"
Topic_17,1997,HBR,"brand, work, company, nonprofit, internet, base, change, market, people, foundation, year, create, cost, job, service"
Topic_17,1997,ILR,"work, base, country, job, female, low, change, year, industry, worker, level, number, average, rate, increase"
Topic_17,2002,Shared,"employee, work, base, global, service, market, change, level, job, organization, year, number, country, system, woman"
Topic_17,2002,COHA,"work, employee, base, year, global, service, market, change, level, number, job, country, organization, system, woman"
Topic_17,2002,HBR,"employee, base, work, market, company, global, change, service, level, number, year, cost, organization, include, product"
Topic_17,2002,ILR,"work, base, employee, number, level, country, rate, include, increase, service, job, woman, change, worker, labor"
Topic_17,2007,Shared,"market, year, firm, company, work, job, people, change, model, low, develop, show, increase, system, project"
Topic_17,2007,COHA,"market, year, company, people, work, firm, job, change, show, low, world, system, model, increase, service"
Topic_17,2007,HBR,"market, company, year, firm, work, change, product, people, low, risk, show, job, increase, cost, service"
Topic_17,2007,ILR,"market, work, year, increase, low, job, firm, level, base, change, show, rate, service, country, result"
Topic_17,2012,Shared,"global, people, platform, bundle, work, partner, capability, outcome, mia, start, choice, ecozystem, research, model, client"
Topic_17,2012,COHA,"global, people, work, platform, start, partner, choice, bundle, research, outcome, capability, market, experience, model, world"
Topic_17,2012,HBR,"global, people, work, platform, partner, company, capability, start, client, market, financial, research, change, choice, bundle"
Topic_17,2012,ILR,"work, global, low, market, change, growth, job, gap, labor, model, people, worker, system, year, country"
Topic_17,2017,Shared,"rank, bias, company, care, financial, change, skill, year, organization, insider, curiosity, performance, start, people, industry"
Topic_17,2017,COHA,"rank, bias, company, care, year, financial, change, people, skill, organization, start, industry, market, service, performance"
Topic_17,2017,HBR,"rank, company, bias, financial, care, change, year, organization, industry, skill, people, performance, start, market, create"
Topic_17,2017,ILR,"rank, bias, change, year, industry, work, country, care, skill, company, financial, market, service, increase, cost"
Topic_18,1922,Shared,"work, worker, labor, year, state, country, international, industry, industrial, government, union, trade, society, law, economic"
Topic_18,1922,COHA,"work, worker, state, year, labor, government, country, international, union, industry, industrial, law, society, trade, economic"
Topic_18,1922,HBR,"work, worker, labor, year, state, industry, country, industrial, government, international, trade, union, economic, law, society"
Topic_18,1922,ILR,"work, labor, worker, international, industrial, country, society, trade, economic, union, state, social, industry, government, law"
Topic_18,1927,Shared,"labor, work, worker, international, condition, social, state, economic, industry, industrial, government, country, study, union, national"
Topic_18,1927,COHA,"labor, work, state, international, worker, social, condition, economic, government, industry, country, industrial, national, union, study"
Topic_18,1927,HBR,"labor, work, condition, worker, economic, international, social, state, industry, government, industrial, country, study, union, national"
Topic_18,1927,ILR,"labor, work, international, social, worker, economic, condition, industrial, industry, country, state, study, government, conference, report"
Topic_18,1932,Shared,"labor, economic, international, worker, work, country, industrial, unemployment, social, report, state, condition, industry, employment, trade"
Topic_18,1932,COHA,"labor, economic, international, worker, work, state, country, industrial, social, report, unemployment, condition, industry, employment, year"
Topic_18,1932,HBR,"labor, economic, international, worker, work, industrial, country, social, report, state, industry, condition, unemployment, employment, trade"
Topic_18,1932,ILR,"labor, economic, international, worker, industrial, social, work, country, report, condition, unemployment, industry, state, employment, trade"
Topic_18,1937,Shared,"labor, society, worker, work, year, condition, government, service, case, act, wage, industry, state, deal, public"
Topic_18,1937,COHA,"society, labor, work, worker, year, government, condition, state, service, public, case, man, act, deal, industry"
Topic_18,1937,HBR,"labor, society, work, worker, year, condition, government, service, case, industry, state, public, deal, act, trade"
Topic_18,1937,ILR,"labor, society, worker, work, condition, legislation, industrial, cooperative, agricultural, government, deal, international, trade, country, social"
Topic_18,1942,Shared,"work, labor, war, service, conference, industry, government, international, trade, country, production, economic, year, worker, organization"
Topic_18,1942,COHA,"work, war, labor, conference, service, government, industry, international, trade, country, year, production, economic, social, organization"
Topic_18,1942,HBR,"work, labor, service, war, conference, industry, government, trade, production, international, country, economic, organization, year, social"
Topic_18,1942,ILR,"work, labor, conference, international, service, trade, social, government, economic, war, country, industry, organization, worker, industrial"
Topic_18,1947,Shared,"labor, organization, country, worker, work, government, social, service, provide, industry, employment, condition, policy, agreement, case"
Topic_18,1947,COHA,"labor, organization, country, government, work, worker, social, service, provide, policy, industry, year, employment, committee, condition"
Topic_18,1947,HBR,"organization, labor, country, work, government, worker, service, provide, social, policy, industry, condition, increase, case, employment"
Topic_18,1947,ILR,"labor, organization, country, social, worker, international, government, employment, work, condition, representative, technical, provide, cooperation, agreement"
Topic_18,1952,Shared,"work, organization, industry, labor, economic, country, system, government, social, development, program, service, study, expert, year"
Topic_18,1952,COHA,"work, organization, industry, economic, labor, country, government, system, program, social, development, service, year, study, expert"
Topic_18,1952,HBR,"organization, work, industry, economic, labor, system, country, government, program, development, social, service, study, expert, year"
Topic_18,1952,ILR,"labor, organization, economic, work, country, social, industry, development, government, system, international, expert, population, study, worker"
Topic_18,1957,Shared,"training, work, industry, worker, technical, year, labor, economic, industrial, service, increase, case, condition, area, organization"
Topic_18,1957,COHA,"work, training, year, industry, worker, labor, technical, economic, area, case, industrial, service, report, increase, condition"
Topic_18,1957,HBR,"training, work, industry, year, technical, economic, area, service, increase, worker, organization, industrial, case, labor, provide"
Topic_18,1957,ILR,"training, work, technical, labor, economic, worker, industrial, international, condition, industry, movement, chapter, organization, country, area"
Topic_18,1962,Shared,"economic, work, labor, social, country, trade, development, organization, industry, change, system, plan, international, policy, year"
Topic_18,1962,COHA,"economic, work, labor, social, country, trade, development, organization, year, industry, system, change, plan, policy, community"
Topic_18,1962,HBR,"economic, work, development, organization, social, labor, trade, country, change, system, plan, industry, policy, community, year"
Topic_18,1962,ILR,"economic, labor, social, work, development, country, trade, organization, international, industry, community, plan, policy, system, activity"
Topic_18,1967,Shared,"labor, work, worker, rural, industrial, country, number, year, level, wage, union, economic, industry, trade, study"
Topic_18,1967,COHA,"work, labor, worker, country, industrial, rural, year, number, union, economic, level, industry, trade, case, wage"
Topic_18,1967,HBR,"work, labor, industrial, country, worker, rural, year, level, develop, number, economic, study, industry, development, service"
Topic_18,1967,ILR,"rural, labor, country, industrial, work, worker, economic, technical, development, union, productivity, level, study, international, vocational"
Topic_18,1972,Shared,"work, employment, labor, social, worker, country, economic, international, income, union, trade, report, cent, industrial, government"
Topic_18,1972,COHA,"work, employment, labor, social, worker, country, economic, government, international, union, income, report, trade, year, industrial"
Topic_18,1972,HBR,"work, employment, labor, social, economic, worker, country, income, system, government, international, develop, union, report, program"
Topic_18,1972,ILR,"employment, labor, work, social, country, economic, worker, international, income, union, industrial, trade, develop, study, cent"
Topic_18,1977,Shared,"country, work, labor, worker, employment, year, social, law, wage, cent, international, state, government, job, number"
Topic_18,1977,COHA,"country, work, year, labor, worker, employment, law, social, state, government, court, international, wage, cent, public"
Topic_18,1977,HBR,"work, country, year, labor, worker, employment, law, social, job, government, state, system, international, public, wage"
Topic_18,1977,ILR,"country, labor, work, employment, social, worker, international, job, law, cent, wage, level, income, economic, union"
Topic_18,1982,Shared,"work, labor, sector, job, policy, union, country, social, training, international, government, worker, increase, year, cent"
Topic_18,1982,COHA,"work, labor, job, policy, sector, union, government, country, year, social, training, public, international, group, world"
Topic_18,1982,HBR,"work, job, labor, sector, policy, union, government, country, training, social, year, organization, development, public, group"
Topic_18,1982,ILR,"labor, sector, work, policy, job, training, country, social, union, international, development, worker, rural, increase, government"
Topic_18,1987,Shared,"country, labor, work, economic, program, income, job, social, public, year, level, sector, international, policy, increase"
Topic_18,1987,COHA,"country, labor, work, program, economic, public, year, income, job, social, government, policy, international, national, level"
Topic_18,1987,HBR,"country, labor, program, work, job, economic, public, income, year, social, policy, level, sector, government, development"
Topic_18,1987,ILR,"labor, country, economic, sector, income, social, program, job, work, international, level, enterprise, development, policy, employment"
Topic_18,1992,Shared,"policy, country, economic, labor, sector, level, work, union, employment, social, economy, increase, relation, development, production"
Topic_18,1992,COHA,"policy, country, economic, work, union, labor, level, social, sector, economy, increase, employment, development, relation, production"
Topic_18,1992,HBR,"policy, economic, sector, country, economy, level, work, development, union, labor, increase, social, change, production, relation"
Topic_18,1992,ILR,"policy, sector, labor, country, economic, social, employment, economy, union, relation, level, work, development, productivity, increase"
Topic_18,1997,Shared,"labor, country, job, work, market, policy, sector, economic, international, worker, employment, social, trade, economy, level"
Topic_18,1997,COHA,"labor, country, job, work, market, policy, economic, international, worker, sector, employment, trade, social, system, study"
Topic_18,1997,HBR,"labor, country, job, market, work, policy, economic, sector, international, worker, system, economy, employment, trade, social"
Topic_18,1997,ILR,"labor, country, sector, job, policy, international, economic, employment, market, worker, work, social, economy, trade, relation"
Topic_18,2002,Shared,"labor, worker, work, employment, social, country, sector, wage, employer, international, benefit, woman, trade, cent, union"
Topic_18,2002,COHA,"labor, work, worker, employment, social, country, year, wage, sector, international, woman, benefit, employer, trade, union"
Topic_18,2002,HBR,"labor, work, worker, employment, social, country, sector, benefit, wage, international, service, year, woman, employer, trade"
Topic_18,2002,ILR,"labor, employment, sector, social, worker, country, work, international, wage, employer, trade, woman, union, benefit, enterprise"
Topic_18,2007,Shared,"access, work, job, temporary, sector, low, pay, model, economy, market, labor, employment, worker, case, provide"
Topic_18,2007,COHA,"access, work, job, low, pay, model, temporary, economy, market, sector, case, labor, provide, service, worker"
Topic_18,2007,HBR,"access, work, job, low, model, pay, market, economy, sector, temporary, case, provide, service, system, level"
Topic_18,2007,ILR,"access, sector, job, model, temporary, work, economy, low, informal, labor, employment, market, pay, variable, social"
Topic_18,2012,Shared,"labor, employment, work, country, worker, economic, social, industry, international, wage, year, policy, trade, report, standard"
Topic_18,2012,COHA,"work, labor, employment, country, worker, economic, year, social, industry, government, international, policy, report, wage, trade"
Topic_18,2012,HBR,"work, labor, employment, country, worker, economic, year, industry, social, policy, international, report, government, economy, trade"
Topic_18,2012,ILR,"labor, employment, work, country, worker, economic, social, international, policy, economy, wage, trade, standard, industry, report"
Topic_18,2017,Shared,"work, labor, social, worker, country, employment, economic, international, study, cent, gap, result, analysis, service, market"
Topic_18,2017,COHA,"work, labor, social, country, worker, economic, study, employment, international, cent, year, service, result, change, market"
Topic_18,2017,HBR,"work, labor, social, worker, country, economic, study, employment, market, international, change, result, service, cent, analysis"
Topic_18,2017,ILR,"work, labor, social, worker, country, employment, economic, international, gap, cent, study, analysis, trade, job, level"
Topic_19,1922,Shared,"found, business, street, president, american, made, today, people, back, city, years, world, church, mind, house"
Topic_19,1922,COHA,"found, street, business, made, president, years, back, american, church, avenue, states, boys, thought, held, today"
Topic_19,1922,HBR,"business, found, american, president, street, people, today, world, city, money, mind, put, house, made, side"
Topic_19,1922,ILR,"business, found, people, american, world, money, today, president, put, city, street, mind, side, life, house"
Topic_19,1927,Shared,"york, lindbergh, kellogg, men, years, senator, president, hoover, ago, senate, herbert, magistrate, thirty, france, clock"
Topic_19,1927,COHA,"york, years, men, ago, lindbergh, senator, women, kellogg, president, made, states, william, clock, senate, republican"
Topic_19,1927,HBR,"york, president, men, years, lindbergh, senator, kellogg, american, clock, hoover, commission, magistrate, senate, france, states"
Topic_19,1927,ILR,"president, commission, york, american, government, german, late, tariff, city, opinion, year, war, land, military, foreign"
Topic_19,1932,Shared,"city, war, house, people, american, president, bill, life, found, night, world, made, british, back, united"
Topic_19,1932,COHA,"city, people, house, president, back, found, made, american, war, years, night, life, men, york, world"
Topic_19,1932,HBR,"city, war, people, house, american, life, world, president, bill, state, home, government, man, british, night"
Topic_19,1932,ILR,"city, war, people, state, house, life, world, american, government, year, bill, man, home, committee, week"
Topic_19,1937,Shared,"years, night, men, water, week, left, york, back, american, days, made, found, ago, city, big"
Topic_19,1937,COHA,"years, men, left, night, back, water, york, days, week, made, found, big, ago, women, american"
Topic_19,1937,HBR,"week, water, night, american, years, big, city, men, world, house, back, found, left, gold, white"
Topic_19,1937,ILR,"week, water, night, american, city, big, world, house, french, years, people, gold, air, white, military"
Topic_19,1942,Shared,"american, president, people, city, japanese, made, night, back, years, world, united, water, house, states, put"
Topic_19,1942,COHA,"made, american, president, years, back, people, night, city, york, united, states, japanese, water, found, business"
Topic_19,1942,HBR,"american, people, president, city, japanese, world, put, year, today, night, water, house, life, home, back"
Topic_19,1942,ILR,"people, american, city, president, world, year, japanese, put, night, water, today, house, life, home, government"
Topic_19,1947,Shared,"president, york, british, made, american, people, house, states, night, money, church, men, years, business, water"
Topic_19,1947,COHA,"york, made, president, years, men, states, church, back, called, days, night, europe, west, american, british"
Topic_19,1947,HBR,"president, people, british, american, york, money, house, year, today, week, business, put, big, water, night"
Topic_19,1947,ILR,"people, president, british, year, money, american, week, house, man, put, york, war, water, today, power"
Topic_19,1952,Shared,"president, american, week, city, made, defense, house, home, secretary, british, state, white, night, party, air"
Topic_19,1952,COHA,"president, made, american, week, back, city, york, years, house, white, women, night, states, defense, home"
Topic_19,1952,HBR,"president, american, week, city, defense, state, home, man, year, house, government, national, british, party, world"
Topic_19,1952,ILR,"week, president, american, state, city, year, home, government, man, defense, house, national, party, british, world"
Topic_19,1957,Shared,"back, made, president, united, soviet, states, world, years, college, york, algeria, john, found, problems, children"
Topic_19,1957,COHA,"back, made, years, states, united, president, york, john, children, times, called, found, left, knew, told"
Topic_19,1957,HBR,"world, back, president, soviet, college, people, american, life, university, today, big, political, made, united, book"
Topic_19,1957,ILR,"world, back, president, soviet, college, people, american, life, university, political, big, today, party, made, united"
Topic_19,1962,Shared,"president, city, man, united, communist, war, secretary, people, air, american, night, today, campaign, party, states"
Topic_19,1962,COHA,"president, city, united, communist, back, states, called, left, made, men, years, congress, night, washington, secretary"
Topic_19,1962,HBR,"city, man, president, people, war, today, air, put, political, year, american, party, chief, communist, life"
Topic_19,1962,ILR,"man, city, president, people, war, year, political, party, today, air, put, american, administration, chief, public"
Topic_19,1967,Shared,"vietnam, people, political, back, rockefeller, money, million, years, court, white, city, america, york, thought, hard"
Topic_19,1967,COHA,"vietnam, back, years, people, york, million, america, men, white, thought, city, hard, money, church, left"
Topic_19,1967,HBR,"people, vietnam, money, political, court, man, city, federal, year, life, white, hard, million, put, big"
Topic_19,1967,ILR,"people, political, money, vietnam, court, man, city, year, federal, life, state, home, white, put, week"
Topic_19,1972,Shared,"arab, mao, made, chicago, henry, john, congress, found, million, back, years, times, university, called, things"
Topic_19,1972,COHA,"made, arab, years, back, john, chicago, found, called, million, things, times, left, henry, congress, told"
Topic_19,1972,HBR,"arab, university, world, people, city, house, chinese, life, million, democratic, found, week, secretary, american, back"
Topic_19,1972,ILR,"arab, university, world, city, people, house, life, chinese, million, week, democratic, found, secretary, american, made"
Topic_19,1977,Shared,"president, years, life, man, city, united, back, state, american, states, church, million, made, percent, world"
Topic_19,1977,COHA,"president, years, back, life, city, made, million, church, united, states, percent, man, american, times, called"
Topic_19,1977,HBR,"president, man, life, state, city, world, year, money, american, people, end, government, years, political, house"
Topic_19,1977,ILR,"president, man, life, state, city, world, american, money, year, years, people, end, government, house, war"
Topic_19,1982,Shared,"years, million, back, made, white, american, house, people, west, states, life, young, times, city, left"
Topic_19,1982,COHA,"years, back, million, white, people, made, american, house, life, city, year, west, young, left, world"
Topic_19,1982,HBR,"people, years, american, year, million, white, life, house, world, man, back, young, city, made, state"
Topic_19,1982,ILR,"people, years, american, year, million, white, life, house, young, man, world, back, city, state, made"
Topic_19,1987,Shared,"people, world, soviet, american, south, life, political, years, house, state, city, president, school, back, women"
Topic_19,1987,COHA,"people, world, years, american, south, soviet, back, life, women, house, city, white, president, found, school"
Topic_19,1987,HBR,"people, world, american, soviet, life, state, political, year, school, city, power, house, man, put, public"
Topic_19,1987,ILR,"people, world, soviet, american, life, state, political, year, school, city, house, south, power, man, university"
Topic_19,1992,Shared,"back, big, city, people, years, lot, parents, fish, water, sun, feet, business, times, story, room"
Topic_19,1992,COHA,"years, back, parents, feet, times, sun, including, left, fish, minutes, lot, things, big, children, city"
Topic_19,1992,HBR,"people, big, city, lot, back, water, business, car, room, fish, story, art, bad, years, company"
Topic_19,1992,ILR,"people, big, city, back, lot, water, business, car, fish, years, room, story, art, sun, film"
Topic_19,1997,Shared,"back, years, people, american, city, black, night, world, found, white, house, road, university, week, church"
Topic_19,1997,COHA,"years, back, found, black, night, made, church, york, things, white, street, city, american, called, people"
Topic_19,1997,HBR,"people, world, american, city, road, place, back, man, week, black, state, money, house, university, night"
Topic_19,1997,ILR,"people, american, world, city, back, black, night, years, road, house, week, white, university, place, found"
Topic_19,2002,Shared,"years, back, game, made, world, city, left, house, big, children, american, men, home, black, president"
Topic_19,2002,COHA,"years, back, game, made, left, city, children, world, house, big, home, men, black, women, ago"
Topic_19,2002,HBR,"world, years, game, back, city, people, big, home, house, american, year, life, made, business, president"
Topic_19,2002,ILR,"years, back, world, game, city, made, house, big, american, home, left, people, president, black, children"
Topic_19,2007,Shared,"home, mother, percent, women, world, year, butter, years, back, center, family, room, south, party, working"
Topic_19,2007,COHA,"women, percent, mother, home, years, back, san, world, butter, south, colorado, games, room, year, million"
Topic_19,2007,HBR,"home, year, mother, world, percent, center, family, place, state, school, people, party, set, office, room"
Topic_19,2007,ILR,"home, mother, year, percent, world, women, center, family, butter, state, school, party, working, place, room"
Topic_19,2012,Shared,"people, years, home, big, world, year, american, black, president, city, lot, play, film, star, police"
Topic_19,2012,COHA,"people, years, home, big, year, black, lot, star, world, city, back, play, film, american, president"
Topic_19,2012,HBR,"people, year, world, home, big, play, american, city, lot, black, president, today, years, school, life"
Topic_19,2012,ILR,"people, home, year, world, big, years, american, city, president, play, black, lot, today, state, film"
Topic_19,2017,Shared,"made, back, court, million, years, told, found, house, things, american, called, percent, world, season, including"
Topic_19,2017,COHA,"made, back, million, years, season, court, found, house, percent, world, things, told, city, people, american"
Topic_19,2017,HBR,"made, court, world, people, back, american, house, million, city, found, past, season, percent, president, years"
Topic_19,2017,ILR,"made, court, back, million, world, house, american, found, years, people, city, percent, told, season, things"
